question_base,question_type,columns_count,columns,options_count,all_options,sample_columns
1.1 Ruolo,multiple_choice,2,1.1 Ruolo:; 1.1 Ruolo:,3,docente; docente referente per l'orientamento e l'accoglienza; Altro,"['1.1 Ruolo:', '1.1 Ruolo:']"
1.1 Ruolo:,multiple_choice,1,1.1 Ruolo: [Altro],1,Altro: A022,['1.1 Ruolo: [Altro]']
1.3 Genere,multiple_choice,2,1.3 Genere:; 1.3 Genere:,2,femmina; maschio,"['1.3 Genere:', '1.3 Genere:']"
1.4 Titolo di studio (indichi tutti i titoli posseduti):,multiple_choice,5,1.4 Titolo di studio (indichi tutti i titoli posseduti): [laurea ]; 1.4 Titolo di studio (indichi tutti i titoli posseduti): [corsi di perfezionamento ]; 1.4 Titolo di studio (indichi tutti i titoli posseduti): [corsi di specializzazione ]; 1.4 Titolo di studio (indichi tutti i titoli posseduti): [master ]; 1.4 Titolo di studio (indichi tutti i titoli posseduti): [dottorato ],5,laurea; corsi di perfezionamento; corsi di specializzazione; master; dottorato,"['1.4 Titolo di studio (indichi tutti i titoli posseduti): [laurea ]', '1.4 Titolo di studio (indichi tutti i titoli posseduti): [corsi di perfezionamento ]', '1.4 Titolo di studio (indichi tutti i titoli posseduti): [corsi di specializzazione ]', '1.4 Titolo di studio (indichi tutti i titoli posseduti): [master ]', '1.4 Titolo di studio (indichi tutti i titoli posseduti): [dottorato ]']"
1.5 Anzianità di servizio non di ruolo nella scuola,multiple_choice,2,1.5 Anzianità di servizio non di ruolo nella scuola:; 1.5 Anzianità di servizio non di ruolo nella scuola:,2,oltre 15 anni; meno di 5 anni,"['1.5 Anzianità di servizio non di ruolo nella scuola:', '1.5 Anzianità di servizio non di ruolo nella scuola:']"
1.6 Anzianità di servizio di ruolo nella scuola,multiple_choice,2,1.6 Anzianità di servizio di ruolo nella scuola:; 1.6 Anzianità di servizio di ruolo nella scuola:,2,oltre 15 anni; meno di 5 anni,"['1.6 Anzianità di servizio di ruolo nella scuola:', '1.6 Anzianità di servizio di ruolo nella scuola:']"
"1.7 Attualmente svolge altri incarichi (vicepreside, funzione strumentale etc.)?",multiple_choice,2,"1.7 Attualmente svolge altri incarichi (vicepreside, funzione strumentale etc.)? ; 1.7 Attualmente svolge altri incarichi (vicepreside, funzione strumentale etc.)? ",2,No; Sì,"['1.7 Attualmente svolge altri incarichi (vicepreside, funzione strumentale etc.)?\xa0', '1.7 Attualmente svolge altri incarichi (vicepreside, funzione strumentale etc.)?\xa0']"
"1.8 Per quale classe di concorso ha conseguito l’abilitazione all’insegnamento? Se ha conseguito l’abilitazione per più classi di concorso, le indichi separandole con una virgola (es. A012,A013)",multiple_choice,2,"1.8 Per quale classe di concorso ha conseguito l’abilitazione all’insegnamento? Se ha conseguito l’abilitazione per più classi di concorso, le indichi separandole con una virgola (es. A012,A013); 1.8 Per quale classe di concorso ha conseguito l’abilitazione all’insegnamento? Se ha conseguito l’abilitazione per più classi di concorso, le indichi separandole con una virgola (es. A012,A013)",3,A022; AO22; .,"['1.8 Per quale classe di concorso ha conseguito l’abilitazione all’insegnamento? Se ha conseguito l’abilitazione per più classi di concorso, le indichi separandole con una virgola (es. A012,A013)', '1.8 Per quale classe di concorso ha conseguito l’abilitazione all’insegnamento? Se ha conseguito l’abilitazione per più classi di concorso, le indichi separandole con una virgola (es. A012,A013)']"
2.2 Le attività di orientamento prevedono interventi organizzati,multiple_choice,5,"2.2 Le attività di orientamento prevedono interventi organizzati [all’interno della scuola ]; 2.2 Le attività di orientamento prevedono interventi organizzati [sul territorio in collaborazione con le università]; 2.2 Le attività di orientamento prevedono interventi organizzati [sul territorio in collaborazione con le aziende locali]; 2.2 Le attività di orientamento prevedono interventi organizzati [sul territorio in collaborazione con enti pubblici territoriali (regioni, comuni, province, città metropolitane, comunità montane etc.)]; 2.2 Le attività di orientamento prevedono interventi organizzati [sul territorio in collaborazione con enti del terzo settore (cooperative, associazioni no profit etc.)]",5,"all’interno della scuola; sul territorio in collaborazione con le università; sul territorio in collaborazione con le aziende locali; sul territorio in collaborazione con enti pubblici territoriali (regioni, comuni, province, città metropolitane, comunità montane etc.); sul territorio in collaborazione con enti del terzo settore (cooperative, associazioni no profit etc.)","['2.2 Le attività di orientamento prevedono interventi organizzati [all’interno della scuola ]', '2.2 Le attività di orientamento prevedono interventi organizzati [sul territorio in collaborazione con le università]', '2.2 Le attività di orientamento prevedono interventi organizzati [sul territorio in collaborazione con le aziende locali]', '2.2 Le attività di orientamento prevedono interventi organizzati [sul territorio in collaborazione con enti pubblici territoriali (regioni, comuni, province, città metropolitane, comunità montane etc.)]', '2.2 Le attività di orientamento prevedono interventi organizzati [sul territorio in collaborazione con enti del terzo settore (cooperative, associazioni no profit etc.)]']"
2.3 Le attività di orientamento indicate nel PTOF sono finalizzate a,multiple_choice,4,2.3 Le attività di orientamento indicate nel PTOF sono finalizzate a [valorizzare le attitudini e le inclinazioni dello studente]; 2.3 Le attività di orientamento indicate nel PTOF sono finalizzate a [valorizzare gli interessi e le preferenze dello studente]; 2.3 Le attività di orientamento indicate nel PTOF sono finalizzate a [accompagnare lo studente nell’elaborazione critica del proprio progetto di vita]; 2.3 Le attività di orientamento indicate nel PTOF sono finalizzate a [accompagnare lo studente nelle transizioni formative e professionali],4,valorizzare le attitudini e le inclinazioni dello studente; valorizzare gli interessi e le preferenze dello studente; accompagnare lo studente nell’elaborazione critica del proprio progetto di vita; accompagnare lo studente nelle transizioni formative e professionali,"['2.3 Le attività di orientamento indicate nel PTOF sono finalizzate a [valorizzare le attitudini e le inclinazioni dello studente]', '2.3 Le attività di orientamento indicate nel PTOF sono finalizzate a [valorizzare gli interessi e le preferenze dello studente]', '2.3 Le attività di orientamento indicate nel PTOF sono finalizzate a [accompagnare lo studente nell’elaborazione critica del proprio progetto di vita]', '2.3 Le attività di orientamento indicate nel PTOF sono finalizzate a [accompagnare lo studente nelle transizioni formative e professionali]']"
2.4 Le attività di orientamento indicate nel PTOF prevedono interventi mirati al raggiungimento dei seguenti obiettivi:,multiple_choice,4,"2.4 Le attività di orientamento indicate nel PTOF prevedono interventi mirati al raggiungimento dei seguenti obiettivi: [ridurre l’abbandono scolastico ]; 2.4 Le attività di orientamento indicate nel PTOF prevedono interventi mirati al raggiungimento dei seguenti obiettivi: [favorire la continuità formativa tra scuola e realtà socioeconomica del territorio]; 2.4 Le attività di orientamento indicate nel PTOF prevedono interventi mirati al raggiungimento dei seguenti obiettivi: [contrastare il fenomeno dei NEET (ragazzi che non studiano, non lavorano, non seguono corsi di formazione)]; 2.4 Le attività di orientamento indicate nel PTOF prevedono interventi mirati al raggiungimento dei seguenti obiettivi: [favorire l’educazione all’apprendimento e alla formazione permanente ]",4,"ridurre l’abbandono scolastico; favorire la continuità formativa tra scuola e realtà socioeconomica del territorio; contrastare il fenomeno dei NEET (ragazzi che non studiano, non lavorano, non seguono corsi di formazione); favorire l’educazione all’apprendimento e alla formazione permanente","['2.4 Le attività di orientamento indicate nel PTOF prevedono interventi mirati al raggiungimento dei seguenti obiettivi: [ridurre l’abbandono scolastico ]', '2.4 Le attività di orientamento indicate nel PTOF prevedono interventi mirati al raggiungimento dei seguenti obiettivi: [favorire la continuità formativa tra scuola e realtà socioeconomica del territorio]', '2.4 Le attività di orientamento indicate nel PTOF prevedono interventi mirati al raggiungimento dei seguenti obiettivi: [contrastare il fenomeno dei NEET (ragazzi che non studiano, non lavorano, non seguono corsi di formazione)]', '2.4 Le attività di orientamento indicate nel PTOF prevedono interventi mirati al raggiungimento dei seguenti obiettivi: [favorire l’educazione all’apprendimento e alla formazione permanente ]']"
2.5 Le azioni di orientamento indicate nel PTOF prevedono l’adozione di iniziative volte a promuovere,multiple_choice,4,2.5 Le azioni di orientamento indicate nel PTOF prevedono l’adozione di iniziative volte a promuovere [attività che partano dall’esperienza degli studenti]; 2.5 Le azioni di orientamento indicate nel PTOF prevedono l’adozione di iniziative volte a promuovere [didattica laboratoriale]; 2.5 Le azioni di orientamento indicate nel PTOF prevedono l’adozione di iniziative volte a promuovere [flessibilità degli spazi e dei tempi]; 2.5 Le azioni di orientamento indicate nel PTOF prevedono l’adozione di iniziative volte a promuovere [attività di “Accoglienza e Orientamento”],4,attività che partano dall’esperienza degli studenti; didattica laboratoriale; flessibilità degli spazi e dei tempi; attività di “Accoglienza e Orientamento”,"['2.5 Le azioni di orientamento indicate nel PTOF prevedono l’adozione di iniziative volte a promuovere [attività che partano dall’esperienza degli studenti]', '2.5 Le azioni di orientamento indicate nel PTOF prevedono l’adozione di iniziative volte a promuovere [didattica laboratoriale]', '2.5 Le azioni di orientamento indicate nel PTOF prevedono l’adozione di iniziative volte a promuovere [flessibilità degli spazi e dei tempi]', '2.5 Le azioni di orientamento indicate nel PTOF prevedono l’adozione di iniziative volte a promuovere [attività di “Accoglienza e Orientamento”]']"
"2.6 Nel PTOF, la prospettiva orientativa è inserita nella didattica attraverso",multiple_choice,3,"2.6 Nel PTOF, la prospettiva orientativa è inserita nella didattica attraverso  [attività che partano dall’esperienza degli studenti]; 2.6 Nel PTOF, la prospettiva orientativa è inserita nella didattica attraverso  [didattica laboratoriale]; 2.6 Nel PTOF, la prospettiva orientativa è inserita nella didattica attraverso  [flessibilità degli spazi e dei tempi]",3,attività che partano dall’esperienza degli studenti; didattica laboratoriale; flessibilità degli spazi e dei tempi,"['2.6 Nel PTOF, la prospettiva orientativa è inserita nella didattica attraverso\xa0 [attività che partano dall’esperienza degli studenti]', '2.6 Nel PTOF, la prospettiva orientativa è inserita nella didattica attraverso\xa0 [didattica laboratoriale]', '2.6 Nel PTOF, la prospettiva orientativa è inserita nella didattica attraverso\xa0 [flessibilità degli spazi e dei tempi]']"
2.7 Il PTOF garantisce agli studenti l’opportunità di fruire di attività opzionali e facoltative intra ed extra scolastiche,multiple_choice,5,"2.7 Il PTOF garantisce agli studenti l’opportunità di fruire di attività opzionali e facoltative intra ed extra scolastiche  [culturali (teatro, musei, cinema, biblioteche etc.)]; 2.7 Il PTOF garantisce agli studenti l’opportunità di fruire di attività opzionali e facoltative intra ed extra scolastiche  [laboratoriali, espressive e creative (attività teatrali, musicali, artistiche etc.) ]; 2.7 Il PTOF garantisce agli studenti l’opportunità di fruire di attività opzionali e facoltative intra ed extra scolastiche  [ludiche e ricreative (coinvolgimento in giochi di varia tipologia indoor-outdoor)]; 2.7 Il PTOF garantisce agli studenti l’opportunità di fruire di attività opzionali e facoltative intra ed extra scolastiche  [di volontariato]; 2.7 Il PTOF garantisce agli studenti l’opportunità di fruire di attività opzionali e facoltative intra ed extra scolastiche  [sportive]",5,"culturali (teatro, musei, cinema, biblioteche etc.); laboratoriali, espressive e creative (attività teatrali, musicali, artistiche etc.); ludiche e ricreative (coinvolgimento in giochi di varia tipologia indoor-outdoor); di volontariato; sportive","['2.7 Il PTOF garantisce agli studenti l’opportunità di fruire di attività opzionali e facoltative intra ed extra scolastiche\xa0 [culturali (teatro, musei, cinema, biblioteche etc.)]', '2.7 Il PTOF garantisce agli studenti l’opportunità di fruire di attività opzionali e facoltative intra ed extra scolastiche\xa0 [laboratoriali, espressive e creative (attività teatrali, musicali, artistiche etc.) ]', '2.7 Il PTOF garantisce agli studenti l’opportunità di fruire di attività opzionali e facoltative intra ed extra scolastiche\xa0 [ludiche e ricreative (coinvolgimento in giochi di varia tipologia indoor-outdoor)]', '2.7 Il PTOF garantisce agli studenti l’opportunità di fruire di attività opzionali e facoltative intra ed extra scolastiche\xa0 [di volontariato]', '2.7 Il PTOF garantisce agli studenti l’opportunità di fruire di attività opzionali e facoltative intra ed extra scolastiche\xa0 [sportive]']"
3.1 Per prepararsi a svolgere il suo ruolo di docente tutor o di docente orientatore per l’orientamento ha seguito corsi specifici?,multiple_choice,2,3.1 Per prepararsi a svolgere il suo ruolo di docente tutor o di docente orientatore per l’orientamento ha seguito corsi specifici?; 3.1 Per prepararsi a svolgere il suo ruolo di docente tutor o di docente orientatore per l’orientamento ha seguito corsi specifici?,2,Sì; No,"['3.1 Per prepararsi a svolgere il suo ruolo di docente tutor o di docente orientatore per l’orientamento ha seguito corsi specifici?', '3.1 Per prepararsi a svolgere il suo ruolo di docente tutor o di docente orientatore per l’orientamento ha seguito corsi specifici?']"
3.2 Indichi i corsi (per un massimo di tre),multiple_choice,8,"3.2 Indichi i corsi (per un massimo di tre) [ente organizzatore del corso (indicare denominazione università/ente/centro di formazione etc.)]; 3.2 Indichi i corsi (per un massimo di tre) [titolo del corso]; 3.2 Indichi i corsi (per un massimo di tre) [tipologia (master, specializzazione, perfezionamento etc.)]; 3.2 Indichi i corsi (per un massimo di tre) [durata (indicare in ore)]; 3.2 Indichi i corsi (per un massimo di tre) [anno di conseguimento ]; 3.2 Indichi i corsi (per un massimo di tre) [titolo del corso	]; 3.2 Indichi i corsi (per un massimo di tre) [durata (indicare in ore)	]; 3.2 Indichi i corsi (per un massimo di tre) [anno di conseguimento 	]",5,"ente organizzatore del corso (indicare denominazione università/ente/centro di formazione etc.); titolo del corso; tipologia (master, specializzazione, perfezionamento etc.); durata (indicare in ore); anno di conseguimento","['3.2 Indichi i corsi (per un massimo di tre) [ente organizzatore del corso (indicare denominazione università/ente/centro di formazione etc.)]', '3.2 Indichi i corsi (per un massimo di tre) [titolo del corso]', '3.2 Indichi i corsi (per un massimo di tre) [tipologia (master, specializzazione, perfezionamento etc.)]', '3.2 Indichi i corsi (per un massimo di tre) [durata (indicare in ore)]', '3.2 Indichi i corsi (per un massimo di tre) [anno di conseguimento ]']"
3.3 Il/I corso/i le ha consentito di approfondire conoscenze e/o sviluppare competenze dal punto di vista,multiple_choice,3,3.3 Il/I corso/i le ha consentito di approfondire conoscenze e/o sviluppare competenze dal punto di vista [teorico]; 3.3 Il/I corso/i le ha consentito di approfondire conoscenze e/o sviluppare competenze dal punto di vista [metodologico]; 3.3 Il/I corso/i le ha consentito di approfondire conoscenze e/o sviluppare competenze dal punto di vista [operativo],3,teorico; metodologico; operativo,"['3.3 Il/I corso/i le ha consentito di approfondire conoscenze e/o sviluppare competenze dal punto di vista [teorico]', '3.3 Il/I corso/i le ha consentito di approfondire conoscenze e/o sviluppare competenze dal punto di vista [metodologico]', '3.3 Il/I corso/i le ha consentito di approfondire conoscenze e/o sviluppare competenze dal punto di vista [operativo]']"
3.4 Per prepararsi a svolgere la sua funzione di docente referente per l'accoglienza e l'orientamento ha avuto la possibilità di approfondire,multiple_choice,7,"3.4 Per prepararsi a svolgere la sua funzione di docente referente per l'accoglienza e l'orientamento ha avuto la possibilità di approfondire [i materiali messi a disposizione sulla piattaforma UNICA del MIM]; 3.4 Per prepararsi a svolgere la sua funzione di docente referente per l'accoglienza e l'orientamento ha avuto la possibilità di approfondire [attività di orientamento finalizzate a studi e carriere professionali nelle discipline STEM]; 3.4 Per prepararsi a svolgere la sua funzione di docente referente per l'accoglienza e l'orientamento ha avuto la possibilità di approfondire [questioni legate allo sviluppo del sistema di formazione terziaria degli ITS Academy]; 3.4 Per prepararsi a svolgere la sua funzione di docente referente per l'accoglienza e l'orientamento ha avuto la possibilità di approfondire [questioni legate al disagio e all’abbandono scolastico ]; 3.4 Per prepararsi a svolgere la sua funzione di docente referente per l'accoglienza e l'orientamento ha avuto la possibilità di approfondire [questioni legate alla disabilità (DSA, BES etc.)]; 3.4 Per prepararsi a svolgere la sua funzione di docente referente per l'accoglienza e l'orientamento ha avuto la possibilità di approfondire [questioni legate alla digitalizzazione ]; 3.4 Per prepararsi a svolgere la sua funzione di docente referente per l'accoglienza e l'orientamento ha avuto la possibilità di approfondire [questioni legate all’utilizzo di metodologie didattiche innovative]",7,"i materiali messi a disposizione sulla piattaforma UNICA del MIM; attività di orientamento finalizzate a studi e carriere professionali nelle discipline STEM; questioni legate allo sviluppo del sistema di formazione terziaria degli ITS Academy; questioni legate al disagio e all’abbandono scolastico; questioni legate alla disabilità (DSA, BES etc.); questioni legate alla digitalizzazione; questioni legate all’utilizzo di metodologie didattiche innovative","[""3.4 Per prepararsi a svolgere la sua funzione di docente referente per l'accoglienza e l'orientamento ha avuto la possibilità di approfondire [i materiali messi a disposizione sulla piattaforma UNICA del MIM]"", ""3.4 Per prepararsi a svolgere la sua funzione di docente referente per l'accoglienza e l'orientamento ha avuto la possibilità di approfondire [attività di orientamento finalizzate a studi e carriere professionali nelle discipline STEM]"", ""3.4 Per prepararsi a svolgere la sua funzione di docente referente per l'accoglienza e l'orientamento ha avuto la possibilità di approfondire [questioni legate allo sviluppo del sistema di formazione terziaria degli ITS Academy]"", ""3.4 Per prepararsi a svolgere la sua funzione di docente referente per l'accoglienza e l'orientamento ha avuto la possibilità di approfondire [questioni legate al disagio e all’abbandono scolastico ]"", ""3.4 Per prepararsi a svolgere la sua funzione di docente referente per l'accoglienza e l'orientamento ha avuto la possibilità di approfondire [questioni legate alla disabilità (DSA, BES etc.)]""]"
3.5 Ritiene che le linee guida sull’orientamento (decreto ministerale n. 328/22) esprimano con chiarezza,multiple_choice,6,3.5 Ritiene che le linee guida sull’orientamento (decreto ministerale n. 328/22) esprimano con chiarezza [l’impianto metodologico da seguire per lo sviluppo di azioni di orientamento efficaci]; 3.5 Ritiene che le linee guida sull’orientamento (decreto ministerale n. 328/22) esprimano con chiarezza [il percorso di formazione richiesto ai docenti tutor per l’orientamento]; 3.5 Ritiene che le linee guida sull’orientamento (decreto ministerale n. 328/22) esprimano con chiarezza [il modo in cui articolare progetti di didattica orientativa/moduli curricolari per l’orientamento]; 3.5 Ritiene che le linee guida sull’orientamento (decreto ministerale n. 328/22) esprimano con chiarezza [il modo in cui certificare le competenze chiave utili all’orientamento nella prospettiva dell’apprendimento permanente ]; 3.5 Ritiene che le linee guida sull’orientamento (decreto ministerale n. 328/22) esprimano con chiarezza [la funzione dell’ePortfolio come strumento di accompagnamento dal I grado fino al termine del II grado]; 3.5 Ritiene che le linee guida sull’orientamento (decreto ministerale n. 328/22) esprimano con chiarezza [la modalità in cui effettuare il monitoraggio relativo all’attuazione delle linee guida ],6,l’impianto metodologico da seguire per lo sviluppo di azioni di orientamento efficaci; il percorso di formazione richiesto ai docenti tutor per l’orientamento; il modo in cui articolare progetti di didattica orientativa/moduli curricolari per l’orientamento; il modo in cui certificare le competenze chiave utili all’orientamento nella prospettiva dell’apprendimento permanente; la funzione dell’ePortfolio come strumento di accompagnamento dal I grado fino al termine del II grado; la modalità in cui effettuare il monitoraggio relativo all’attuazione delle linee guida,"['3.5 Ritiene che le linee guida sull’orientamento (decreto ministerale n. 328/22) esprimano con chiarezza [l’impianto metodologico da seguire per lo sviluppo di azioni di orientamento efficaci]', '3.5 Ritiene che le linee guida sull’orientamento (decreto ministerale n. 328/22) esprimano con chiarezza [il percorso di formazione richiesto ai docenti tutor per l’orientamento]', '3.5 Ritiene che le linee guida sull’orientamento (decreto ministerale n. 328/22) esprimano con chiarezza [il modo in cui articolare progetti di didattica orientativa/moduli curricolari per l’orientamento]', '3.5 Ritiene che le linee guida sull’orientamento (decreto ministerale n. 328/22) esprimano con chiarezza [il modo in cui certificare le competenze chiave utili all’orientamento nella prospettiva dell’apprendimento permanente ]', '3.5 Ritiene che le linee guida sull’orientamento (decreto ministerale n. 328/22) esprimano con chiarezza [la funzione dell’ePortfolio come strumento di accompagnamento dal I grado fino al termine del II grado]']"
3.6 Il CPIA in cui presta servizio fa riferimento a specifici modelli di orientamento?,multiple_choice,2,3.6 Il CPIA in cui presta servizio fa riferimento a specifici modelli di orientamento?; 3.6 Il CPIA in cui presta servizio fa riferimento a specifici modelli di orientamento?,2,No; Sì,"['3.6 Il CPIA in cui presta servizio fa riferimento a specifici modelli di orientamento?', '3.6 Il CPIA in cui presta servizio fa riferimento a specifici modelli di orientamento?']"
3.8 Le pratiche di orientamento nella sua scuola fanno riferimento ad attività di tipo,multiple_choice,3,"3.8 Le pratiche di orientamento nella sua scuola fanno riferimento ad attività di tipo [informativo, ovvero centrato sulle offerte formative post-diploma (indirizzi universitari, scuole di formazione professionale, richieste dal mondo del lavoro, indicazioni sui profili professionali emergenti)]; 3.8 Le pratiche di orientamento nella sua scuola fanno riferimento ad attività di tipo [psicodiagnostico, ovvero centrato sulla diagnosi di caratteristiche e tratti peculiari della personalità che possano orientare le scelte universitarie o lavorative]; 3.8 Le pratiche di orientamento nella sua scuola fanno riferimento ad attività di tipo [formativo, ovvero centrato sulla progettazione di un intervento didattico curriculare che tenga conto degli apprendimenti formali, non formali e informali dello studente e lo accompagni nella costruzione del percorso di vita ]",3,"informativo, ovvero centrato sulle offerte formative post-diploma (indirizzi universitari, scuole di formazione professionale, richieste dal mondo del lavoro, indicazioni sui profili professionali emergenti); psicodiagnostico, ovvero centrato sulla diagnosi di caratteristiche e tratti peculiari della personalità che possano orientare le scelte universitarie o lavorative; formativo, ovvero centrato sulla progettazione di un intervento didattico curriculare che tenga conto degli apprendimenti formali, non formali e informali dello studente e lo accompagni nella costruzione del percorso di vita","['3.8 Le pratiche di orientamento nella sua scuola fanno riferimento ad attività di tipo [informativo, ovvero centrato sulle offerte formative post-diploma (indirizzi universitari, scuole di formazione professionale, richieste dal mondo del lavoro, indicazioni sui profili professionali emergenti)]', '3.8 Le pratiche di orientamento nella sua scuola fanno riferimento ad attività di tipo [psicodiagnostico, ovvero centrato sulla diagnosi di caratteristiche e tratti peculiari della personalità che possano orientare le scelte universitarie o lavorative]', '3.8 Le pratiche di orientamento nella sua scuola fanno riferimento ad attività di tipo [formativo, ovvero centrato sulla progettazione di un intervento didattico curriculare che tenga conto degli apprendimenti formali, non formali e informali dello studente e lo accompagni nella costruzione del percorso di vita ]']"
3.9 Quanto spesso il CPIA dove presta servizio organizza le seguenti attività di orientamento?,multiple_choice,6,"3.9 Quanto spesso il CPIA dove presta servizio organizza le seguenti attività di orientamento? [Interventi di docenti della formazione professionale ]; 3.9 Quanto spesso il CPIA dove presta servizio organizza le seguenti attività di orientamento? [Interventi di esperti del mondo del lavoro]; 3.9 Quanto spesso il CPIA dove presta servizio organizza le seguenti attività di orientamento? [Interventi di esperti di ambito psicodiagnostico ]; 3.9 Quanto spesso il CPIA dove presta servizio organizza le seguenti attività di orientamento? [Affiancamento, da parte del tutor, per un orientamento personalizzato]; 3.9 Quanto spesso il CPIA dove presta servizio organizza le seguenti attività di orientamento? [Incontri finalizzati all’utilizzo di strumenti per la costruzione della storia dello studente (ePortfolio; bilancio di competenze etc.)]; 3.9 Quanto spesso il CPIA dove presta servizio organizza le seguenti attività di orientamento? [Attività di “Accoglienza e Orientamento”]",7,"Interventi di docenti della formazione professionale; Interventi di esperti del mondo del lavoro; Interventi di esperti di ambito psicodiagnostico; Affiancamento, da parte del tutor, per un orientamento personalizzato; Incontri finalizzati all’utilizzo di strumenti per la costruzione della storia dello studente (ePortfolio; bilancio di competenze etc.); Attività di “Accoglienza e Orientamento”","['3.9 Quanto spesso il CPIA dove presta servizio organizza le seguenti attività di orientamento? [Interventi di docenti della formazione professionale ]', '3.9 Quanto spesso il CPIA dove presta servizio organizza le seguenti attività di orientamento? [Interventi di esperti del mondo del lavoro]', '3.9 Quanto spesso il CPIA dove presta servizio organizza le seguenti attività di orientamento? [Interventi di esperti di ambito psicodiagnostico ]', '3.9 Quanto spesso il CPIA dove presta servizio organizza le seguenti attività di orientamento? [Affiancamento, da parte del tutor, per un orientamento personalizzato]', '3.9 Quanto spesso il CPIA dove presta servizio organizza le seguenti attività di orientamento? [Incontri finalizzati all’utilizzo di strumenti per la costruzione della storia dello studente (ePortfolio; bilancio di competenze etc.)]']"
"3.10 Per migliorare le competenze di orientamento degli studenti, quali attività ritiene maggiormente efficaci per il CPIA in cui presta servizio?",multiple_choice,7,"3.10 Per migliorare le competenze di orientamento degli studenti, quali attività ritiene maggiormente efficaci per il CPIA in cui presta servizio? [Interventi di docenti della formazione professionale ]; 3.10 Per migliorare le competenze di orientamento degli studenti, quali attività ritiene maggiormente efficaci per il CPIA in cui presta servizio? [Interventi di esperti del mondo del lavoro ]; 3.10 Per migliorare le competenze di orientamento degli studenti, quali attività ritiene maggiormente efficaci per il CPIA in cui presta servizio? [Interventi di esperti di ambito counseling psicopedagogico]; 3.10 Per migliorare le competenze di orientamento degli studenti, quali attività ritiene maggiormente efficaci per il CPIA in cui presta servizio? [Affiancamento, da parte del tutor, per un orientamento personalizzato]; 3.10 Per migliorare le competenze di orientamento degli studenti, quali attività ritiene maggiormente efficaci per il CPIA in cui presta servizio? [Progettazione di interventi di didattica disciplinare con fini orientativi]; 3.10 Per migliorare le competenze di orientamento degli studenti, quali attività ritiene maggiormente efficaci per il CPIA in cui presta servizio? [Progettazione di interventi di didattica interdisciplinare con fini orientativi]; 3.10 Per migliorare le competenze di orientamento degli studenti, quali attività ritiene maggiormente efficaci per il CPIA in cui presta servizio? [Incontri finalizzati all’utilizzo di strumenti per la costruzione della storia dello studente (ePortfolio; bilancio di competenze etc.)]",8,"Interventi di docenti della formazione professionale; Interventi di esperti del mondo del lavoro; Interventi di esperti di ambito counseling psicopedagogico; Affiancamento, da parte del tutor, per un orientamento personalizzato; Progettazione di interventi di didattica disciplinare con fini orientativi; Progettazione di interventi di didattica interdisciplinare con fini orientativi; Incontri finalizzati all’utilizzo di strumenti per la costruzione della storia dello studente (ePortfolio; bilancio di competenze etc.)","['3.10 Per migliorare le competenze di orientamento degli studenti, quali attività ritiene maggiormente efficaci per il CPIA in cui presta servizio? [Interventi di docenti della formazione professionale ]', '3.10 Per migliorare le competenze di orientamento degli studenti, quali attività ritiene maggiormente efficaci per il CPIA in cui presta servizio? [Interventi di esperti del mondo del lavoro ]', '3.10 Per migliorare le competenze di orientamento degli studenti, quali attività ritiene maggiormente efficaci per il CPIA in cui presta servizio? [Interventi di esperti di ambito counseling psicopedagogico]', '3.10 Per migliorare le competenze di orientamento degli studenti, quali attività ritiene maggiormente efficaci per il CPIA in cui presta servizio? [Affiancamento, da parte del tutor, per un orientamento personalizzato]', '3.10 Per migliorare le competenze di orientamento degli studenti, quali attività ritiene maggiormente efficaci per il CPIA in cui presta servizio? [Progettazione di interventi di didattica disciplinare con fini orientativi]']"
3.11 Nel CPIA in cui presta servizio attualmente le attività di orientamento sono gestite,multiple_choice,4,3.11 Nel CPIA in cui presta servizio attualmente le attività di orientamento sono gestite [esclusivamente dal docente che si occupa dell'accoglienza]; 3.11 Nel CPIA in cui presta servizio attualmente le attività di orientamento sono gestite [dal docente che si occupa dell'accoglienza affiancato da altri docenti]; 3.11 Nel CPIA in cui presta servizio attualmente le attività di orientamento sono gestite [dai docenti con il coordinamento dal docente che si occupa dell'accoglienza]; 3.11 Nel CPIA in cui presta servizio attualmente le attività di orientamento sono gestite [dal docente che si occupa dell'accoglienza supportato dal personale ATA],4,esclusivamente dal docente che si occupa dell'accoglienza; dal docente che si occupa dell'accoglienza affiancato da altri docenti; dai docenti con il coordinamento dal docente che si occupa dell'accoglienza; dal docente che si occupa dell'accoglienza supportato dal personale ATA,"[""3.11 Nel CPIA in cui presta servizio attualmente le attività di orientamento sono gestite [esclusivamente dal docente che si occupa dell'accoglienza]"", ""3.11 Nel CPIA in cui presta servizio attualmente le attività di orientamento sono gestite [dal docente che si occupa dell'accoglienza affiancato da altri docenti]"", ""3.11 Nel CPIA in cui presta servizio attualmente le attività di orientamento sono gestite [dai docenti con il coordinamento dal docente che si occupa dell'accoglienza]"", ""3.11 Nel CPIA in cui presta servizio attualmente le attività di orientamento sono gestite [dal docente che si occupa dell'accoglienza supportato dal personale ATA]""]"
3.12 Nel CPIA in cui presta servizio sono attivi i percorsi PCTO?,multiple_choice,2,3.12 Nel CPIA in cui presta servizio sono attivi i percorsi PCTO?; 3.12 Nel CPIA in cui presta servizio sono attivi i percorsi PCTO?,2,No; Sì,"['3.12 Nel CPIA in cui presta servizio sono attivi i percorsi PCTO?', '3.12 Nel CPIA in cui presta servizio sono attivi i percorsi PCTO?']"
3.13 Ritiene che i percorsi di PCTO attivati nel CPIA in cui presta servizio debbano,multiple_choice,5,"3.13 Ritiene che i percorsi di PCTO attivati nel CPIA in cui presta servizio debbano  [essere proposti in base alla specificità del percorso di studi seguito presso il CPIA]; 3.13 Ritiene che i percorsi di PCTO attivati nel CPIA in cui presta servizio debbano  [aprire nuove prospettive per gli studenti, anche se non in linea con il percorso di studi seguito presso il CPIA]; 3.13 Ritiene che i percorsi di PCTO attivati nel CPIA in cui presta servizio debbano  [divenire parte integrante del curricolo: i docenti dovrebbero tenere conto del percorso PCTO nella riprogettazione delle attività curricolari]; 3.13 Ritiene che i percorsi di PCTO attivati nel CPIA in cui presta servizio debbano  [promuovere una interazione partecipativa in aula, con lo scopo di valorizzare l’esperienza svolta e rendere gli studenti protagonisti del processo orientativo]; 3.13 Ritiene che i percorsi di PCTO attivati nel CPIA in cui presta servizio debbano  [rimanere legati alle esperienze extrascolastiche: non è possibile ricondurre ogni attività al curricolo]",5,"essere proposti in base alla specificità del percorso di studi seguito presso il CPIA; aprire nuove prospettive per gli studenti, anche se non in linea con il percorso di studi seguito presso il CPIA; divenire parte integrante del curricolo: i docenti dovrebbero tenere conto del percorso PCTO nella riprogettazione delle attività curricolari; promuovere una interazione partecipativa in aula, con lo scopo di valorizzare l’esperienza svolta e rendere gli studenti protagonisti del processo orientativo; rimanere legati alle esperienze extrascolastiche: non è possibile ricondurre ogni attività al curricolo","['3.13 Ritiene che i percorsi di PCTO attivati nel CPIA in cui presta servizio debbano\xa0 [essere proposti in base alla specificità del percorso di studi seguito presso il CPIA]', '3.13 Ritiene che i percorsi di PCTO attivati nel CPIA in cui presta servizio debbano\xa0 [aprire nuove prospettive per gli studenti, anche se non in linea con il percorso di studi seguito presso il CPIA]', '3.13 Ritiene che i percorsi di PCTO attivati nel CPIA in cui presta servizio debbano\xa0 [divenire parte integrante del curricolo: i docenti dovrebbero tenere conto del percorso PCTO nella riprogettazione delle attività curricolari]', '3.13 Ritiene che i percorsi di PCTO attivati nel CPIA in cui presta servizio debbano\xa0 [promuovere una interazione partecipativa in aula, con lo scopo di valorizzare l’esperienza svolta e rendere gli studenti protagonisti del processo orientativo]', '3.13 Ritiene che i percorsi di PCTO attivati nel CPIA in cui presta servizio debbano\xa0 [rimanere legati alle esperienze extrascolastiche: non è possibile ricondurre ogni attività al curricolo]']"
"3.14 Il percorso di 30 ore, che fa parte dei moduli di orientamento previsti dalle linee guida, è stato attivato nel CPIA dove presta servizio?",multiple_choice,2,"3.14 Il percorso di 30 ore, che fa parte dei moduli di orientamento previsti dalle linee guida, è stato attivato nel CPIA dove presta servizio?; 3.14 Il percorso di 30 ore, che fa parte dei moduli di orientamento previsti dalle linee guida, è stato attivato nel CPIA dove presta servizio?",2,No; Sì,"['3.14 Il percorso di 30 ore, che fa parte dei moduli di orientamento previsti dalle linee guida, è stato attivato nel CPIA dove presta servizio?', '3.14 Il percorso di 30 ore, che fa parte dei moduli di orientamento previsti dalle linee guida, è stato attivato nel CPIA dove presta servizio?']"
3.15 il percorso è progettato per essere svolto,multiple_choice,7,"3.15 il percorso è progettato per essere svolto [nell’orario scolastico]; 3.15 il percorso è progettato per essere svolto [al di fuori dell’orario scolastico]; 3.15 il percorso è progettato per essere svolto [in modo interdisciplinare tra i docenti di ciascun consiglio di livello/consiglio di classe]; 3.15 il percorso è progettato per essere svolto [a livello di istituto in modo differenziato per percorsi di istruzione (I e II livello, percorsi di alfabetizzazione della lingua italiana)]; 3.15 il percorso è progettato per essere svolto [in attività laboratoriali trasversali alle classi e ai percorsi]; 3.15 il percorso è progettato per essere svolto [in accordo con gli studenti ]; 3.15 il percorso è progettato per essere svolto [avvalendosi del contributo di agenti esterni al CPIA (aziende, istituzioni territoriali, università)]",7,"nell’orario scolastico; al di fuori dell’orario scolastico; in modo interdisciplinare tra i docenti di ciascun consiglio di livello/consiglio di classe; a livello di istituto in modo differenziato per percorsi di istruzione (I e II livello, percorsi di alfabetizzazione della lingua italiana); in attività laboratoriali trasversali alle classi e ai percorsi; in accordo con gli studenti; avvalendosi del contributo di agenti esterni al CPIA (aziende, istituzioni territoriali, università)","['3.15 il percorso è progettato per essere svolto [nell’orario scolastico]', '3.15 il percorso è progettato per essere svolto [al di fuori dell’orario scolastico]', '3.15 il percorso è progettato per essere svolto [in modo interdisciplinare tra i docenti di ciascun consiglio di livello/consiglio di classe]', '3.15 il percorso è progettato per essere svolto [a livello di istituto in modo differenziato per percorsi di istruzione (I e II livello, percorsi di alfabetizzazione della lingua italiana)]', '3.15 il percorso è progettato per essere svolto [in attività laboratoriali trasversali alle classi e ai percorsi]']"
"4.1 Nella scuola secondaria di I grado è previsto il rilascio del “consiglio di orientamento” finale sul percorso di formazione da intraprendere nel secondo ciclo. Nel CPIA in cui presta servizio, il “consiglio di orientamento” viene fornito al termine del percorso di I livello?",multiple_choice,2,"4.1 Nella scuola secondaria di I grado è previsto il rilascio del “consiglio di orientamento” finale sul percorso di formazione da intraprendere nel secondo ciclo. Nel CPIA in cui presta servizio, il “consiglio di orientamento” viene fornito al termine del percorso di I livello?; 4.1 Nella scuola secondaria di I grado è previsto il rilascio del “consiglio di orientamento” finale sul percorso di formazione da intraprendere nel secondo ciclo. Nel CPIA in cui presta servizio, il “consiglio di orientamento” viene fornito al termine del percorso di I livello?",2,No; Sì,"['4.1 Nella scuola secondaria di I grado è previsto il rilascio del “consiglio di orientamento” finale sul percorso di formazione da intraprendere nel secondo ciclo. Nel CPIA in cui presta servizio, il “consiglio di orientamento” viene fornito al termine del percorso di I livello?', '4.1 Nella scuola secondaria di I grado è previsto il rilascio del “consiglio di orientamento” finale sul percorso di formazione da intraprendere nel secondo ciclo. Nel CPIA in cui presta servizio, il “consiglio di orientamento” viene fornito al termine del percorso di I livello?']"
4.2 In che modo viene formulato?,multiple_choice,7,"4.2 In che modo viene formulato? [Attraverso test psicodiagnostici somministrati da un esperto]; 4.2 In che modo viene formulato? [Sulla base dell’analisi documentata del percorso di studio, effettuata dal consiglio di classe/di livello]; 4.2 In che modo viene formulato? [Sulla base dell’analisi documentata del percorso di studio, effettuata dal docente referente per l'orientamento]; 4.2 In che modo viene formulato? [Sulla base dell’analisi delle attività scolastiche ed extrascolastiche documentate, effettuata dal consiglio di classe/di livello]; 4.2 In che modo viene formulato? [Sulla base dell’analisi delle attività scolastiche ed extrascolastiche documentate, effettuata dal docente referente per l'orientamento]; 4.2 In che modo viene formulato? [Sulla base dell’analisi delle competenze certificate secondo i modelli previsti dal MIM]; 4.2 In che modo viene formulato? [Attraverso la lettura e l’analisi dell’e-portfolio]",7,"Attraverso test psicodiagnostici somministrati da un esperto; Sulla base dell’analisi documentata del percorso di studio, effettuata dal consiglio di classe/di livello; Sulla base dell’analisi documentata del percorso di studio, effettuata dal docente referente per l'orientamento; Sulla base dell’analisi delle attività scolastiche ed extrascolastiche documentate, effettuata dal consiglio di classe/di livello; Sulla base dell’analisi delle attività scolastiche ed extrascolastiche documentate, effettuata dal docente referente per l'orientamento; Sulla base dell’analisi delle competenze certificate secondo i modelli previsti dal MIM; Attraverso la lettura e l’analisi dell’e-portfolio","['4.2 In che modo viene formulato? [Attraverso test psicodiagnostici somministrati da un esperto]', '4.2 In che modo viene formulato? [Sulla base dell’analisi documentata del percorso di studio, effettuata dal consiglio di classe/di livello]', ""4.2 In che modo viene formulato? [Sulla base dell’analisi documentata del percorso di studio, effettuata dal docente referente per l'orientamento]"", '4.2 In che modo viene formulato? [Sulla base dell’analisi delle attività scolastiche ed extrascolastiche documentate, effettuata dal consiglio di classe/di livello]', ""4.2 In che modo viene formulato? [Sulla base dell’analisi delle attività scolastiche ed extrascolastiche documentate, effettuata dal docente referente per l'orientamento]""]"
4.3 Gli strumenti per l’orientamento attualmente utilizzati nel CPIA in cui presta servizio sono prevalentemente,multiple_choice,6,"4.3 Gli strumenti per l’orientamento attualmente utilizzati nel CPIA in cui presta servizio sono prevalentemente [test per la diagnosi delle attitudini dello studente ]; 4.3 Gli strumenti per l’orientamento attualmente utilizzati nel CPIA in cui presta servizio sono prevalentemente [test per la rilevazione di abilità e competenze dello studente]; 4.3 Gli strumenti per l’orientamento attualmente utilizzati nel CPIA in cui presta servizio sono prevalentemente [questionari per l’autovalutazione delle proprie strategie di apprendimento]; 4.3 Gli strumenti per l’orientamento attualmente utilizzati nel CPIA in cui presta servizio sono prevalentemente [questionari per l’autovalutazione di interessi e inclinazioni ]; 4.3 Gli strumenti per l’orientamento attualmente utilizzati nel CPIA in cui presta servizio sono prevalentemente [dispositivi per la riflessione sul percorso di formazione (colloquio, ePortfolio, bilancio delle competenze etc.)]; 4.3 Gli strumenti per l’orientamento attualmente utilizzati nel CPIA in cui presta servizio sono prevalentemente [dispositivi per l’autonarrazione del percorso di formazione (colloquio, ePortfolio, bilancio delle competenze etc.)]",6,"test per la diagnosi delle attitudini dello studente; test per la rilevazione di abilità e competenze dello studente; questionari per l’autovalutazione delle proprie strategie di apprendimento; questionari per l’autovalutazione di interessi e inclinazioni; dispositivi per la riflessione sul percorso di formazione (colloquio, ePortfolio, bilancio delle competenze etc.); dispositivi per l’autonarrazione del percorso di formazione (colloquio, ePortfolio, bilancio delle competenze etc.)","['4.3 Gli strumenti per l’orientamento attualmente utilizzati nel CPIA in cui presta servizio sono prevalentemente [test per la diagnosi delle attitudini dello studente ]', '4.3 Gli strumenti per l’orientamento attualmente utilizzati nel CPIA in cui presta servizio sono prevalentemente [test per la rilevazione di abilità e competenze dello studente]', '4.3 Gli strumenti per l’orientamento attualmente utilizzati nel CPIA in cui presta servizio sono prevalentemente [questionari per l’autovalutazione delle proprie strategie di apprendimento]', '4.3 Gli strumenti per l’orientamento attualmente utilizzati nel CPIA in cui presta servizio sono prevalentemente [questionari per l’autovalutazione di interessi e inclinazioni ]', '4.3 Gli strumenti per l’orientamento attualmente utilizzati nel CPIA in cui presta servizio sono prevalentemente [dispositivi per la riflessione sul percorso di formazione (colloquio, ePortfolio, bilancio delle competenze etc.)]']"
"4.4 Per migliorare le capacità di orientamento degli studenti, quali strumenti ritiene che dovrebbero essere utilizzati nel CPIA in cui presta servizio?",multiple_choice,6,"4.4 Per migliorare le capacità di orientamento degli studenti, quali strumenti ritiene che dovrebbero essere utilizzati nel CPIA in cui presta servizio? [Test per la diagnosi delle attitudini dello studente ]; 4.4 Per migliorare le capacità di orientamento degli studenti, quali strumenti ritiene che dovrebbero essere utilizzati nel CPIA in cui presta servizio? [Test per la rilevazione di abilità e competenze dello studente]; 4.4 Per migliorare le capacità di orientamento degli studenti, quali strumenti ritiene che dovrebbero essere utilizzati nel CPIA in cui presta servizio? [Questionari per l’autovalutazione delle proprie strategie di apprendimento ]; 4.4 Per migliorare le capacità di orientamento degli studenti, quali strumenti ritiene che dovrebbero essere utilizzati nel CPIA in cui presta servizio? [Questionari per l’autovalutazione di interessi e inclinazioni ]; 4.4 Per migliorare le capacità di orientamento degli studenti, quali strumenti ritiene che dovrebbero essere utilizzati nel CPIA in cui presta servizio? [Dispositivi per la riflessione sul percorso di formazione (colloquio, ePortfolio, bilancio delle competenze etc.)]; 4.4 Per migliorare le capacità di orientamento degli studenti, quali strumenti ritiene che dovrebbero essere utilizzati nel CPIA in cui presta servizio? [Dispositivi per l’autonarrazione del percorso di formazione (colloquio, ePortfolio, bilancio delle competenze etc.)]",6,"Test per la diagnosi delle attitudini dello studente; Test per la rilevazione di abilità e competenze dello studente; Questionari per l’autovalutazione delle proprie strategie di apprendimento; Questionari per l’autovalutazione di interessi e inclinazioni; Dispositivi per la riflessione sul percorso di formazione (colloquio, ePortfolio, bilancio delle competenze etc.); Dispositivi per l’autonarrazione del percorso di formazione (colloquio, ePortfolio, bilancio delle competenze etc.)","['4.4 Per migliorare le capacità di orientamento degli studenti, quali strumenti ritiene che dovrebbero essere utilizzati nel CPIA in cui presta servizio? [Test per la diagnosi delle attitudini dello studente ]', '4.4 Per migliorare le capacità di orientamento degli studenti, quali strumenti ritiene che dovrebbero essere utilizzati nel CPIA in cui presta servizio? [Test per la rilevazione di abilità e competenze dello studente]', '4.4 Per migliorare le capacità di orientamento degli studenti, quali strumenti ritiene che dovrebbero essere utilizzati nel CPIA in cui presta servizio? [Questionari per l’autovalutazione delle proprie strategie di apprendimento ]', '4.4 Per migliorare le capacità di orientamento degli studenti, quali strumenti ritiene che dovrebbero essere utilizzati nel CPIA in cui presta servizio? [Questionari per l’autovalutazione di interessi e inclinazioni ]', '4.4 Per migliorare le capacità di orientamento degli studenti, quali strumenti ritiene che dovrebbero essere utilizzati nel CPIA in cui presta servizio? [Dispositivi per la riflessione sul percorso di formazione (colloquio, ePortfolio, bilancio delle competenze etc.)]']"
"4.5 Nel CPIA in cui presta servizio, attualmente si forniscono agli studenti istruzioni per",multiple_choice,7,"4.5 Nel CPIA in cui presta servizio, attualmente si forniscono agli studenti istruzioni per [accedere a informazioni relative a offerte di lavoro, stage, tirocini attraverso canali tradizionali (uffici preposti; incontri in presenza nelle scuole o nelle università; meeting con aziende etc.)]; 4.5 Nel CPIA in cui presta servizio, attualmente si forniscono agli studenti istruzioni per [navigare in banche dati per accedere a informazioni relative a offerte di lavoro, stage, tirocini (siti specifici del MIM; siti delle scuole; siti delle università; siti dedicati al matching; siti delle aziende etc.)]; 4.5 Nel CPIA in cui presta servizio, attualmente si forniscono agli studenti istruzioni per [elaborare un CV utilizzando i formati europei in lingua italiana]; 4.5 Nel CPIA in cui presta servizio, attualmente si forniscono agli studenti istruzioni per [elaborare un CV utilizzando i formati europei in lingua inglese]; 4.5 Nel CPIA in cui presta servizio, attualmente si forniscono agli studenti istruzioni per [elaborare una lettera di presentazione in lingua italiana]; 4.5 Nel CPIA in cui presta servizio, attualmente si forniscono agli studenti istruzioni per [elaborare una lettera di presentazione in lingua inglese]; 4.5 Nel CPIA in cui presta servizio, attualmente si forniscono agli studenti istruzioni per [elaborare un CV amplificato utilizzando l’ePortfolio ]",13,"accedere a informazioni relative a offerte di lavoro, stage, tirocini attraverso canali tradizionali (uffici preposti; incontri in presenza nelle scuole o nelle università; meeting con aziende etc.); navigare in banche dati per accedere a informazioni relative a offerte di lavoro, stage, tirocini (siti specifici del MIM; siti delle scuole; siti delle università; siti dedicati al matching; siti delle aziende etc.); elaborare un CV utilizzando i formati europei in lingua italiana; elaborare un CV utilizzando i formati europei in lingua inglese; elaborare una lettera di presentazione in lingua italiana; elaborare una lettera di presentazione in lingua inglese; elaborare un CV amplificato utilizzando l’ePortfolio","['4.5 Nel CPIA in cui presta servizio, attualmente si forniscono agli studenti istruzioni per [accedere a informazioni relative a offerte di lavoro, stage, tirocini attraverso canali tradizionali (uffici preposti; incontri in presenza nelle scuole o nelle università; meeting con aziende etc.)]', '4.5 Nel CPIA in cui presta servizio, attualmente si forniscono agli studenti istruzioni per [navigare in banche dati per accedere a informazioni relative a offerte di lavoro, stage, tirocini (siti specifici del MIM; siti delle scuole; siti delle università; siti dedicati al matching; siti delle aziende etc.)]', '4.5 Nel CPIA in cui presta servizio, attualmente si forniscono agli studenti istruzioni per [elaborare un CV utilizzando i formati europei in lingua italiana]', '4.5 Nel CPIA in cui presta servizio, attualmente si forniscono agli studenti istruzioni per [elaborare un CV utilizzando i formati europei in lingua inglese]', '4.5 Nel CPIA in cui presta servizio, attualmente si forniscono agli studenti istruzioni per [elaborare una lettera di presentazione in lingua italiana]']"
"4.6 Per migliorare le capacità di orientamento, ritiene che il CPIA in cui presta servizio dovrebbe fornire agli studenti strumenti per",multiple_choice,7,"4.6 Per migliorare le capacità di orientamento, ritiene che il CPIA in cui presta servizio dovrebbe fornire agli studenti strumenti per [accedere a informazioni relative a offerte di lavoro, stage, tirocini attraverso canali tradizionali (uffici preposti; incontri in presenza nelle scuole o nelle università; meeting con aziende etc)]; 4.6 Per migliorare le capacità di orientamento, ritiene che il CPIA in cui presta servizio dovrebbe fornire agli studenti strumenti per [navigare in banche dati per accedere a informazioni relative a offerte di lavoro, stage, tirocini (siti specifici del MIM; siti delle scuole; siti delle università; siti dedicati al matching; siti delle aziende etc.)]; 4.6 Per migliorare le capacità di orientamento, ritiene che il CPIA in cui presta servizio dovrebbe fornire agli studenti strumenti per [elaborare un CV utilizzando i formati europei in lingua italiana]; 4.6 Per migliorare le capacità di orientamento, ritiene che il CPIA in cui presta servizio dovrebbe fornire agli studenti strumenti per [elaborare un CV utilizzando i formati europei in lingua inglese]; 4.6 Per migliorare le capacità di orientamento, ritiene che il CPIA in cui presta servizio dovrebbe fornire agli studenti strumenti per [elaborare una lettera di presentazione in lingua italiana]; 4.6 Per migliorare le capacità di orientamento, ritiene che il CPIA in cui presta servizio dovrebbe fornire agli studenti strumenti per [elaborare una lettera di presentazione in lingua inglese]; 4.6 Per migliorare le capacità di orientamento, ritiene che il CPIA in cui presta servizio dovrebbe fornire agli studenti strumenti per [elaborare un CV amplificato utilizzando l’ePortfolio ]",13,"accedere a informazioni relative a offerte di lavoro, stage, tirocini attraverso canali tradizionali (uffici preposti; incontri in presenza nelle scuole o nelle università; meeting con aziende etc); navigare in banche dati per accedere a informazioni relative a offerte di lavoro, stage, tirocini (siti specifici del MIM; siti delle scuole; siti delle università; siti dedicati al matching; siti delle aziende etc.); elaborare un CV utilizzando i formati europei in lingua italiana; elaborare un CV utilizzando i formati europei in lingua inglese; elaborare una lettera di presentazione in lingua italiana; elaborare una lettera di presentazione in lingua inglese; elaborare un CV amplificato utilizzando l’ePortfolio","['4.6 Per migliorare le capacità di orientamento, ritiene che il CPIA in cui presta servizio dovrebbe fornire agli studenti strumenti per [accedere a informazioni relative a offerte di lavoro, stage, tirocini attraverso canali tradizionali (uffici preposti; incontri in presenza nelle scuole o nelle università; meeting con aziende etc)]', '4.6 Per migliorare le capacità di orientamento, ritiene che il CPIA in cui presta servizio dovrebbe fornire agli studenti strumenti per [navigare in banche dati per accedere a informazioni relative a offerte di lavoro, stage, tirocini (siti specifici del MIM; siti delle scuole; siti delle università; siti dedicati al matching; siti delle aziende etc.)]', '4.6 Per migliorare le capacità di orientamento, ritiene che il CPIA in cui presta servizio dovrebbe fornire agli studenti strumenti per [elaborare un CV utilizzando i formati europei in lingua italiana]', '4.6 Per migliorare le capacità di orientamento, ritiene che il CPIA in cui presta servizio dovrebbe fornire agli studenti strumenti per [elaborare un CV utilizzando i formati europei in lingua inglese]', '4.6 Per migliorare le capacità di orientamento, ritiene che il CPIA in cui presta servizio dovrebbe fornire agli studenti strumenti per [elaborare una lettera di presentazione in lingua italiana]']"
"4.7 Indicare i profili professionali del CPIA impegnati nelle attività di orientamento, specificando per ciascun profilo il numero delle figure presenti (se un profilo non è rappresentato, indicare 'zero'). Nel campo 'Altro (specificare)', elencare i profili distinti separandoli con il punto e virgola, indicando per ciascuno il relativo numero.",multiple_choice,5,"4.7 Indicare i profili professionali del CPIA impegnati nelle attività di orientamento, specificando per ciascun profilo il numero delle figure presenti (se un profilo non è rappresentato, indicare 'zero'). Nel campo 'Altro (specificare)', elencare i profili distinti separandoli con il punto e virgola, indicando per ciascuno il relativo numero.  [Docente referente per l'accoglienza e orientamento]; 4.7 Indicare i profili professionali del CPIA impegnati nelle attività di orientamento, specificando per ciascun profilo il numero delle figure presenti (se un profilo non è rappresentato, indicare 'zero'). Nel campo 'Altro (specificare)', elencare i profili distinti separandoli con il punto e virgola, indicando per ciascuno il relativo numero.  [Dirigente scolastico]; 4.7 Indicare i profili professionali del CPIA impegnati nelle attività di orientamento, specificando per ciascun profilo il numero delle figure presenti (se un profilo non è rappresentato, indicare 'zero'). Nel campo 'Altro (specificare)', elencare i profili distinti separandoli con il punto e virgola, indicando per ciascuno il relativo numero.  [Docente (non referente per l'orientamento)]; 4.7 Indicare i profili professionali del CPIA impegnati nelle attività di orientamento, specificando per ciascun profilo il numero delle figure presenti (se un profilo non è rappresentato, indicare 'zero'). Nel campo 'Altro (specificare)', elencare i profili distinti separandoli con il punto e virgola, indicando per ciascuno il relativo numero.  [Personale TAB]; 4.7 Indicare i profili professionali del CPIA impegnati nelle attività di orientamento, specificando per ciascun profilo il numero delle figure presenti (se un profilo non è rappresentato, indicare 'zero'). Nel campo 'Altro (specificare)', elencare i profili distinti separandoli con il punto e virgola, indicando per ciascuno il relativo numero.  [Altro (specificare)]",5,Docente referente per l'accoglienza e orientamento; Dirigente scolastico; Docente (non referente per l'orientamento); Personale TAB; Altro (specificare),"[""4.7 Indicare i profili professionali del CPIA impegnati nelle attività di orientamento, specificando per ciascun profilo il numero delle figure presenti (se un profilo non è rappresentato, indicare 'zero'). Nel campo 'Altro (specificare)', elencare i profili distinti separandoli con il punto e virgola, indicando per ciascuno il relativo numero.  [Docente referente per l'accoglienza e orientamento]"", ""4.7 Indicare i profili professionali del CPIA impegnati nelle attività di orientamento, specificando per ciascun profilo il numero delle figure presenti (se un profilo non è rappresentato, indicare 'zero'). Nel campo 'Altro (specificare)', elencare i profili distinti separandoli con il punto e virgola, indicando per ciascuno il relativo numero.  [Dirigente scolastico]"", ""4.7 Indicare i profili professionali del CPIA impegnati nelle attività di orientamento, specificando per ciascun profilo il numero delle figure presenti (se un profilo non è rappresentato, indicare 'zero'). Nel campo 'Altro (specificare)', elencare i profili distinti separandoli con il punto e virgola, indicando per ciascuno il relativo numero.  [Docente (non referente per l'orientamento)]"", ""4.7 Indicare i profili professionali del CPIA impegnati nelle attività di orientamento, specificando per ciascun profilo il numero delle figure presenti (se un profilo non è rappresentato, indicare 'zero'). Nel campo 'Altro (specificare)', elencare i profili distinti separandoli con il punto e virgola, indicando per ciascuno il relativo numero.  [Personale TAB]"", ""4.7 Indicare i profili professionali del CPIA impegnati nelle attività di orientamento, specificando per ciascun profilo il numero delle figure presenti (se un profilo non è rappresentato, indicare 'zero'). Nel campo 'Altro (specificare)', elencare i profili distinti separandoli con il punto e virgola, indicando per ciascuno il relativo numero.  [Altro (specificare)]""]"
5.1 Le pratiche di orientamento sviluppate dal CPIA in cui presta servizio prevedono,multiple_choice,10,5.1 Le pratiche di orientamento sviluppate dal CPIA in cui presta servizio prevedono  [incontri con le aziende locali e del territorio]; 5.1 Le pratiche di orientamento sviluppate dal CPIA in cui presta servizio prevedono  [attivazione di PCTO presso le aziende locali e del territorio]; 5.1 Le pratiche di orientamento sviluppate dal CPIA in cui presta servizio prevedono  [attivazione di tirocini e/o stage presso le aziende locali e del territorio]; 5.1 Le pratiche di orientamento sviluppate dal CPIA in cui presta servizio prevedono  [organizzazione di visite didattiche presso le aziende locali e del territorio]; 5.1 Le pratiche di orientamento sviluppate dal CPIA in cui presta servizio prevedono  [partecipazione a progetti in collaborazione con le aziende locali e del territorio]; 5.1 Le pratiche di orientamento sviluppate dal CPIA in cui presta servizio prevedono  [incontri con rappresentanti delle istituzioni locali]; 5.1 Le pratiche di orientamento sviluppate dal CPIA in cui presta servizio prevedono  [incontri con gli operatori dei centri per l’orientamento e/o per l’impiego]; 5.1 Le pratiche di orientamento sviluppate dal CPIA in cui presta servizio prevedono  [attivazione di tirocini e/o stage presso le istituzioni locali]; 5.1 Le pratiche di orientamento sviluppate dal CPIA in cui presta servizio prevedono  [organizzazione di visite didattiche presso le istituzioni locali]; 5.1 Le pratiche di orientamento sviluppate dal CPIA in cui presta servizio prevedono  [partecipazione a progetti in collaborazione con le istituzioni locali],10,incontri con le aziende locali e del territorio; attivazione di PCTO presso le aziende locali e del territorio; attivazione di tirocini e/o stage presso le aziende locali e del territorio; organizzazione di visite didattiche presso le aziende locali e del territorio; partecipazione a progetti in collaborazione con le aziende locali e del territorio; incontri con rappresentanti delle istituzioni locali; incontri con gli operatori dei centri per l’orientamento e/o per l’impiego; attivazione di tirocini e/o stage presso le istituzioni locali; organizzazione di visite didattiche presso le istituzioni locali; partecipazione a progetti in collaborazione con le istituzioni locali,"['5.1 Le pratiche di orientamento sviluppate dal CPIA in cui presta servizio prevedono\xa0 [incontri con le aziende locali e del territorio]', '5.1 Le pratiche di orientamento sviluppate dal CPIA in cui presta servizio prevedono\xa0 [attivazione di PCTO presso le aziende locali e del territorio]', '5.1 Le pratiche di orientamento sviluppate dal CPIA in cui presta servizio prevedono\xa0 [attivazione di tirocini e/o stage presso le aziende locali e del territorio]', '5.1 Le pratiche di orientamento sviluppate dal CPIA in cui presta servizio prevedono\xa0 [organizzazione di visite didattiche presso le aziende locali e del territorio]', '5.1 Le pratiche di orientamento sviluppate dal CPIA in cui presta servizio prevedono\xa0 [partecipazione a progetti in collaborazione con le aziende locali e del territorio]']"
"5.2 Per la creazione di una rete territoriale per l’orientamento, il CPIA in cui presta servizio prevede",multiple_choice,5,"5.2 Per la creazione di una rete territoriale per l’orientamento, il CPIA in cui presta servizio prevede  [lo sviluppo di piattaforme digitali che coinvolgano scuole, aziende e istituzioni del territorio]; 5.2 Per la creazione di una rete territoriale per l’orientamento, il CPIA in cui presta servizio prevede  [incontri in presenza con scuole, aziende e istituzioni del territorio]; 5.2 Per la creazione di una rete territoriale per l’orientamento, il CPIA in cui presta servizio prevede  [incontri online con scuole, aziende e istituzioni del territorio]; 5.2 Per la creazione di una rete territoriale per l’orientamento, il CPIA in cui presta servizio prevede  [scambio di esperienze tra le scuole del territorio di ogni ordine e grado]; 5.2 Per la creazione di una rete territoriale per l’orientamento, il CPIA in cui presta servizio prevede  [elaborazione e realizzazione di progetti tra le scuole del territorio di ogni ordine e grado]",5,"lo sviluppo di piattaforme digitali che coinvolgano scuole, aziende e istituzioni del territorio; incontri in presenza con scuole, aziende e istituzioni del territorio; incontri online con scuole, aziende e istituzioni del territorio; scambio di esperienze tra le scuole del territorio di ogni ordine e grado; elaborazione e realizzazione di progetti tra le scuole del territorio di ogni ordine e grado","['5.2 Per la creazione di una rete territoriale per l’orientamento, il CPIA in cui presta servizio prevede\xa0 [lo sviluppo di piattaforme digitali che coinvolgano scuole, aziende e istituzioni del territorio]', '5.2 Per la creazione di una rete territoriale per l’orientamento, il CPIA in cui presta servizio prevede\xa0 [incontri in presenza con scuole, aziende e istituzioni del territorio]', '5.2 Per la creazione di una rete territoriale per l’orientamento, il CPIA in cui presta servizio prevede\xa0 [incontri online con scuole, aziende e istituzioni del territorio]', '5.2 Per la creazione di una rete territoriale per l’orientamento, il CPIA in cui presta servizio prevede\xa0 [scambio di esperienze tra le scuole del territorio di ogni ordine e grado]', '5.2 Per la creazione di una rete territoriale per l’orientamento, il CPIA in cui presta servizio prevede\xa0 [elaborazione e realizzazione di progetti tra le scuole del territorio di ogni ordine e grado]']"
6.1 Nel CPIA in cui presta servizio è presente un sistema di monitoraggio delle azioni di orientamento?,multiple_choice,2,6.1 Nel CPIA in cui presta servizio è presente un sistema di monitoraggio delle azioni di orientamento? ; 6.1 Nel CPIA in cui presta servizio è presente un sistema di monitoraggio delle azioni di orientamento? ,2,No; Sì,"['6.1 Nel CPIA in cui presta servizio è presente un sistema di monitoraggio delle azioni di orientamento? ', '6.1 Nel CPIA in cui presta servizio è presente un sistema di monitoraggio delle azioni di orientamento? ']"
6.2 Chi se ne occupa?,multiple_choice,5,6.2 Chi se ne occupa?  [il dirigente scolastico]; 6.2 Chi se ne occupa?  [il docente che si occupa dell’accoglienza e dell’orientamento]; 6.2 Chi se ne occupa?  [il docente che si occupa dell’accoglienza e dell’orientamento affiancato dai docenti dei consigli di livello]; 6.2 Chi se ne occupa?  [esperto esterno]; 6.2 Chi se ne occupa?  [Altro],5,il dirigente scolastico; il docente che si occupa dell’accoglienza e dell’orientamento; il docente che si occupa dell’accoglienza e dell’orientamento affiancato dai docenti dei consigli di livello; esperto esterno; Altro,"['6.2 Chi se ne occupa?\xa0 [il dirigente scolastico]', '6.2 Chi se ne occupa?\xa0 [il docente che si occupa dell’accoglienza e dell’orientamento]', '6.2 Chi se ne occupa?\xa0 [il docente che si occupa dell’accoglienza e dell’orientamento affiancato dai docenti dei consigli di livello]', '6.2 Chi se ne occupa?\xa0 [esperto esterno]', '6.2 Chi se ne occupa?\xa0 [Altro]']"
6.3 Quali attività di orientamento sono oggetto di monitoraggio?,multiple_choice,16,"6.3 Quali attività di orientamento sono oggetto di monitoraggio? [Gli interventi formativi/informativi effettuati in ambito scolastico (rilevazione sistematica del gradimento degli interventi in aula o in istituto da parte di esperti esterni o dei docenti tutor etc.)]; 6.3 Quali attività di orientamento sono oggetto di monitoraggio? [Gli interventi formativi/informativi effettuati in ambito extrascolastico (rilevazione sistematica del gradimento della partecipazione ad eventi organizzati dalle università o da istituzioni per la formazione di terzo livello etc.)]; 6.3 Quali attività di orientamento sono oggetto di monitoraggio? [La partecipazione degli studenti agli interventi effettuati nel CPIA (rilevazione sistematica del numero di CV compilati, numero di siti online visitati, partecipazione attiva ai dibattiti etc.)]; 6.3 Quali attività di orientamento sono oggetto di monitoraggio? [La partecipazione degli studenti agli interventi effettuati all’esterno del CPIA (rilevazione sistematica del numero di stand visitati nelle fiere, numero di partecipanti agli Open Day, numero partecipanti ai PCTO, restituzione attiva in classe delle esperienze effettuate etc.)]; 6.3 Quali attività di orientamento sono oggetto di monitoraggio? [La redazione del consiglio di orientamento (rilevazione del grado di accordo delle figure parentali/educative/tutoriali etc.)]; 6.3 Quali attività di orientamento sono oggetto di monitoraggio? [La redazione del curriculum dello studente (rilevazione del grado di accordo delle figure parentali/educative/tutoriali etc.)]; 6.3 Quali attività di orientamento sono oggetto di monitoraggio? [La compilazione dell’ePortfolio disponibile sulla piattaforma UNICA del MIM]; 6.3 Quali attività di orientamento sono oggetto di monitoraggio? [La compilazione del Dossier personale dell’IDA]; 6.3 Quali attività di orientamento sono oggetto di monitoraggio? [La definizione del Patto formativo individuale]; 6.3 Quali attività di orientamento sono oggetto di monitoraggio? [Il percorso di riconoscimento dei crediti ]; 6.3 Quali attività di orientamento sono oggetto di monitoraggio? [Il periodo didattico dedicato alle attività di “Accoglienza e Orientamento”]; 6.3 Quali attività di orientamento sono oggetto di monitoraggio? [La partecipazione delle istituzioni locali alle attività di orientamento presso il CPIA (numero e qualità degli interventi di ASL, biblioteche, centri per l’orientamento, centri per l’impiego etc.)]; 6.3 Quali attività di orientamento sono oggetto di monitoraggio? [La partecipazione delle aziende locali alle attività di orientamento presso il CPIA (numero e qualità degli interventi delle aziende etc.)]; 6.3 Quali attività di orientamento sono oggetto di monitoraggio? [La partecipazione delle figure parentali/educative/tutoriali alle attività di orientamento presso il CPIA (numero e qualità degli interventi etc.)]; 6.3 Quali attività di orientamento sono oggetto di monitoraggio? [La verifica della coerenza tra le attività svolte e gli obiettivi del PTOF]; 6.3 Quali attività di orientamento sono oggetto di monitoraggio? [L’utilizzo del RAV per l’individuazione dei fattori da rilevare, dei punti di forza e criticità, delle azioni di miglioramento]",16,"Gli interventi formativi/informativi effettuati in ambito scolastico (rilevazione sistematica del gradimento degli interventi in aula o in istituto da parte di esperti esterni o dei docenti tutor etc.); Gli interventi formativi/informativi effettuati in ambito extrascolastico (rilevazione sistematica del gradimento della partecipazione ad eventi organizzati dalle università o da istituzioni per la formazione di terzo livello etc.); La partecipazione degli studenti agli interventi effettuati nel CPIA (rilevazione sistematica del numero di CV compilati, numero di siti online visitati, partecipazione attiva ai dibattiti etc.); La partecipazione degli studenti agli interventi effettuati all’esterno del CPIA (rilevazione sistematica del numero di stand visitati nelle fiere, numero di partecipanti agli Open Day, numero partecipanti ai PCTO, restituzione attiva in classe delle esperienze effettuate etc.); La redazione del consiglio di orientamento (rilevazione del grado di accordo delle figure parentali/educative/tutoriali etc.); La redazione del curriculum dello studente (rilevazione del grado di accordo delle figure parentali/educative/tutoriali etc.); La compilazione dell’ePortfolio disponibile sulla piattaforma UNICA del MIM; La compilazione del Dossier personale dell’IDA; La definizione del Patto formativo individuale; Il percorso di riconoscimento dei crediti; Il periodo didattico dedicato alle attività di “Accoglienza e Orientamento”; La partecipazione delle istituzioni locali alle attività di orientamento presso il CPIA (numero e qualità degli interventi di ASL, biblioteche, centri per l’orientamento, centri per l’impiego etc.); La partecipazione delle aziende locali alle attività di orientamento presso il CPIA (numero e qualità degli interventi delle aziende etc.); La partecipazione delle figure parentali/educative/tutoriali alle attività di orientamento presso il CPIA (numero e qualità degli interventi etc.); La verifica della coerenza tra le attività svolte e gli obiettivi del PTOF; L’utilizzo del RAV per l’individuazione dei fattori da rilevare, dei punti di forza e criticità, delle azioni di miglioramento","['6.3 Quali attività di orientamento sono oggetto di monitoraggio? [Gli interventi formativi/informativi effettuati in ambito scolastico (rilevazione sistematica del gradimento degli interventi in aula o in istituto da parte di esperti esterni o dei docenti tutor etc.)]', '6.3 Quali attività di orientamento sono oggetto di monitoraggio? [Gli interventi formativi/informativi effettuati in ambito extrascolastico (rilevazione sistematica del gradimento della partecipazione ad eventi organizzati dalle università o da istituzioni per la formazione di terzo livello etc.)]', '6.3 Quali attività di orientamento sono oggetto di monitoraggio? [La partecipazione degli studenti agli interventi effettuati nel CPIA (rilevazione sistematica del numero di CV compilati, numero di siti online visitati, partecipazione attiva ai dibattiti etc.)]', '6.3 Quali attività di orientamento sono oggetto di monitoraggio? [La partecipazione degli studenti agli interventi effettuati all’esterno del CPIA (rilevazione sistematica del numero di stand visitati nelle fiere, numero di partecipanti agli Open Day, numero partecipanti ai PCTO, restituzione attiva in classe delle esperienze effettuate etc.)]', '6.3 Quali attività di orientamento sono oggetto di monitoraggio? [La redazione del consiglio di orientamento (rilevazione del grado di accordo delle figure parentali/educative/tutoriali etc.)]']"
6.4 Quali strumenti sono utilizzati per il monitoraggio delle azioni di orientamento?,multiple_choice,11,"6.4 Quali strumenti sono utilizzati per il monitoraggio delle azioni di orientamento? [Griglie di osservazione ]; 6.4 Quali strumenti sono utilizzati per il monitoraggio delle azioni di orientamento? [Check-list ]; 6.4 Quali strumenti sono utilizzati per il monitoraggio delle azioni di orientamento? [Diari di bordo ]; 6.4 Quali strumenti sono utilizzati per il monitoraggio delle azioni di orientamento? [Questionari agli studenti ]; 6.4 Quali strumenti sono utilizzati per il monitoraggio delle azioni di orientamento? [Questionari ai docenti ]; 6.4 Quali strumenti sono utilizzati per il monitoraggio delle azioni di orientamento? [Questionari alle figure parentali/educative/tutoriali]; 6.4 Quali strumenti sono utilizzati per il monitoraggio delle azioni di orientamento? [Questionari alle istituzioni locali]; 6.4 Quali strumenti sono utilizzati per il monitoraggio delle azioni di orientamento? [Questionari alle aziende locali]; 6.4 Quali strumenti sono utilizzati per il monitoraggio delle azioni di orientamento? [Questionari alle aziende in cui lo studente svolge il tirocinio]; 6.4 Quali strumenti sono utilizzati per il monitoraggio delle azioni di orientamento? [Dossier personale dello studente ]; 6.4 Quali strumenti sono utilizzati per il monitoraggio delle azioni di orientamento? [Contenuti elaborati nella definizione del Patto Formativo individuale, Dossier, Libretto dello studente]",11,"Griglie di osservazione; Check-list; Diari di bordo; Questionari agli studenti; Questionari ai docenti; Questionari alle figure parentali/educative/tutoriali; Questionari alle istituzioni locali; Questionari alle aziende locali; Questionari alle aziende in cui lo studente svolge il tirocinio; Dossier personale dello studente; Contenuti elaborati nella definizione del Patto Formativo individuale, Dossier, Libretto dello studente","['6.4 Quali strumenti sono utilizzati per il monitoraggio delle azioni di orientamento? [Griglie di osservazione ]', '6.4 Quali strumenti sono utilizzati per il monitoraggio delle azioni di orientamento? [Check-list ]', '6.4 Quali strumenti sono utilizzati per il monitoraggio delle azioni di orientamento? [Diari di bordo ]', '6.4 Quali strumenti sono utilizzati per il monitoraggio delle azioni di orientamento? [Questionari agli studenti ]', '6.4 Quali strumenti sono utilizzati per il monitoraggio delle azioni di orientamento? [Questionari ai docenti ]']"
1.2 Età,simple,1,1.2 Età:,0,,['1.2 Età:']
1.7.b Specificare,simple,1,1.7.b Specificare:,0,,['1.7.b Specificare:']
1.9 Insegnamento in qualità di docente per le attività di sostegno,simple,1,1.9 Insegnamento in qualità di docente per le attività di sostegno ,0,,['1.9 Insegnamento in qualità di docente per le attività di sostegno\xa0']
2.1 Nel PTOF della sua scuola è prevista una sezione dedicata all’orientamento?,simple,1,2.1 Nel PTOF della sua scuola è prevista una sezione dedicata all’orientamento?,0,,['2.1 Nel PTOF della sua scuola è prevista una sezione dedicata all’orientamento?']
2.8 Il PTOF prevede una rete di coordinamento fra istituzioni scolastiche e formative per facilitare eventuali passaggi orizzontali tra i percorsi presenti sul territorio?,simple,1,2.8 Il PTOF prevede una rete di coordinamento fra istituzioni scolastiche e formative per facilitare eventuali passaggi orizzontali tra i percorsi presenti sul territorio? ,0,,['2.8 Il PTOF prevede una rete di coordinamento fra istituzioni scolastiche e formative per facilitare eventuali passaggi orizzontali tra i percorsi presenti sul territorio?\xa0']
3.7 A quali (indicare autori e modelli)?,simple,1,3.7 A quali (indicare autori e modelli)?,0,,['3.7 A quali (indicare autori e modelli)?']
3.16 Nel CPIA è disponibile uno sportello per gli utenti dell'orientamento?,simple,1,3.16 Nel CPIA è disponibile uno sportello per gli utenti dell'orientamento?,0,,"[""3.16 Nel CPIA è disponibile uno sportello per gli utenti dell'orientamento?""]"
7.1 Sarebbe per noi molto importante se volesse fornire ulteriori indicazioni per rendere il servizio all’interno dell’istituto scolastico in cui opera più efficace in relazione ai bisogni di orientamento.,simple,1,7.1 Sarebbe per noi molto importante se volesse fornire ulteriori indicazioni per rendere il servizio all’interno dell’istituto scolastico in cui opera più efficace in relazione ai bisogni di orientamento.,0,,['7.1 Sarebbe per noi molto importante se volesse fornire ulteriori indicazioni per rendere il servizio all’interno dell’istituto scolastico in cui opera più efficace in relazione ai bisogni di orientamento.']
