file_number,column,non_null_pct,non_null_count,rows_in_file
321654,ID risposta,100.0,5,5
321654,Data invio,40.0,2,5
321654,Ultima pagina,80.0,4,5
321654,Lingua iniziale,100.0,5,5
321654,Seme,100.0,5,5
321654,1.1 Ruolo:,80.0,4,5
321654,1.1 Ruolo: [Altro],20.0,1,5
321654,1.2 Età:,80.0,4,5
321654,1.3 Genere:,80.0,4,5
321654,1.4 Titolo di studio (indichi tutti i titoli posseduti): [laurea ],80.0,4,5
321654,1.4 Titolo di studio (indichi tutti i titoli posseduti): [corsi di perfezionamento ],80.0,4,5
321654,1.4 Titolo di studio (indichi tutti i titoli posseduti): [corsi di specializzazione ],80.0,4,5
321654,1.4 Titolo di studio (indichi tutti i titoli posseduti): [master ],80.0,4,5
321654,1.4 Titolo di studio (indichi tutti i titoli posseduti): [dottorato ],80.0,4,5
321654,1.5 Anzianità di servizio non di ruolo nella scuola:,80.0,4,5
321654,1.6 Anzianità di servizio di ruolo nella scuola:,80.0,4,5
321654,"1.7 Attualmente svolge altri incarichi (vicepreside, funzione strumentale etc.)? ",80.0,4,5
321654,1.7.b Specificare:,20.0,1,5
321654,"1.8 Per quale classe di concorso ha conseguito l’abilitazione all’insegnamento? Se ha conseguito l’abilitazione per più classi di concorso, le indichi separandole con una virgola (es. A012,A013)",80.0,4,5
321654,1.9 Insegnamento in qualità di docente per le attività di sostegno ,80.0,4,5
321654,2.1 Nel PTOF della sua scuola è prevista una sezione dedicata all’orientamento?,80.0,4,5
321654,2.2 Le attività di orientamento prevedono interventi organizzati [all’interno della scuola ],80.0,4,5
321654,2.2 Le attività di orientamento prevedono interventi organizzati [sul territorio in collaborazione con le università],80.0,4,5
321654,2.2 Le attività di orientamento prevedono interventi organizzati [sul territorio in collaborazione con le aziende locali],80.0,4,5
321654,"2.2 Le attività di orientamento prevedono interventi organizzati [sul territorio in collaborazione con enti pubblici territoriali (regioni, comuni, province, città metropolitane, comunità montane etc.)]",80.0,4,5
321654,"2.2 Le attività di orientamento prevedono interventi organizzati [sul territorio in collaborazione con enti del terzo settore (cooperative, associazioni no profit etc.)]",80.0,4,5
321654,2.3 Le attività di orientamento indicate nel PTOF sono finalizzate a [valorizzare le attitudini e le inclinazioni dello studente],80.0,4,5
321654,2.3 Le attività di orientamento indicate nel PTOF sono finalizzate a [valorizzare gli interessi e le preferenze dello studente],80.0,4,5
321654,2.3 Le attività di orientamento indicate nel PTOF sono finalizzate a [accompagnare lo studente nell’elaborazione critica del proprio progetto di vita],80.0,4,5
321654,2.3 Le attività di orientamento indicate nel PTOF sono finalizzate a [accompagnare lo studente nelle transizioni formative e professionali],80.0,4,5
321654,2.4 Le attività di orientamento indicate nel PTOF prevedono interventi mirati al raggiungimento dei seguenti obiettivi: [ridurre l’abbandono scolastico ],80.0,4,5
321654,2.4 Le attività di orientamento indicate nel PTOF prevedono interventi mirati al raggiungimento dei seguenti obiettivi: [favorire la continuità formativa tra scuola e realtà socioeconomica del territorio],80.0,4,5
321654,"2.4 Le attività di orientamento indicate nel PTOF prevedono interventi mirati al raggiungimento dei seguenti obiettivi: [contrastare il fenomeno dei NEET (ragazzi che non studiano, non lavorano, non seguono corsi di formazione)]",80.0,4,5
321654,2.4 Le attività di orientamento indicate nel PTOF prevedono interventi mirati al raggiungimento dei seguenti obiettivi: [favorire l’educazione all’apprendimento e alla formazione permanente ],80.0,4,5
321654,2.5 Le azioni di orientamento indicate nel PTOF prevedono l’adozione di iniziative volte a promuovere [attività che partano dall’esperienza degli studenti],80.0,4,5
321654,2.5 Le azioni di orientamento indicate nel PTOF prevedono l’adozione di iniziative volte a promuovere [didattica laboratoriale],80.0,4,5
321654,2.5 Le azioni di orientamento indicate nel PTOF prevedono l’adozione di iniziative volte a promuovere [flessibilità degli spazi e dei tempi],80.0,4,5
321654,2.5 Le azioni di orientamento indicate nel PTOF prevedono l’adozione di iniziative volte a promuovere [attività di “Accoglienza e Orientamento”],80.0,4,5
321654,"2.6 Nel PTOF, la prospettiva orientativa è inserita nella didattica attraverso  [attività che partano dall’esperienza degli studenti]",80.0,4,5
321654,"2.6 Nel PTOF, la prospettiva orientativa è inserita nella didattica attraverso  [didattica laboratoriale]",80.0,4,5
321654,"2.6 Nel PTOF, la prospettiva orientativa è inserita nella didattica attraverso  [flessibilità degli spazi e dei tempi]",80.0,4,5
321654,"2.7 Il PTOF garantisce agli studenti l’opportunità di fruire di attività opzionali e facoltative intra ed extra scolastiche  [culturali (teatro, musei, cinema, biblioteche etc.)]",80.0,4,5
321654,"2.7 Il PTOF garantisce agli studenti l’opportunità di fruire di attività opzionali e facoltative intra ed extra scolastiche  [laboratoriali, espressive e creative (attività teatrali, musicali, artistiche etc.) ]",80.0,4,5
321654,2.7 Il PTOF garantisce agli studenti l’opportunità di fruire di attività opzionali e facoltative intra ed extra scolastiche  [ludiche e ricreative (coinvolgimento in giochi di varia tipologia indoor-outdoor)],80.0,4,5
321654,2.7 Il PTOF garantisce agli studenti l’opportunità di fruire di attività opzionali e facoltative intra ed extra scolastiche  [di volontariato],80.0,4,5
321654,2.7 Il PTOF garantisce agli studenti l’opportunità di fruire di attività opzionali e facoltative intra ed extra scolastiche  [sportive],80.0,4,5
321654,2.8 Il PTOF prevede una rete di coordinamento fra istituzioni scolastiche e formative per facilitare eventuali passaggi orizzontali tra i percorsi presenti sul territorio? ,80.0,4,5
321654,3.1 Per prepararsi a svolgere il suo ruolo di docente tutor o di docente orientatore per l’orientamento ha seguito corsi specifici?,80.0,4,5
321654,3.2 Indichi i corsi (per un massimo di tre) [ente organizzatore del corso (indicare denominazione università/ente/centro di formazione etc.)],0.0,0,5
321654,3.2 Indichi i corsi (per un massimo di tre) [titolo del corso],0.0,0,5
321654,"3.2 Indichi i corsi (per un massimo di tre) [tipologia (master, specializzazione, perfezionamento etc.)]",0.0,0,5
321654,3.2 Indichi i corsi (per un massimo di tre) [durata (indicare in ore)],0.0,0,5
321654,3.2 Indichi i corsi (per un massimo di tre) [anno di conseguimento ],0.0,0,5
321654,3.2 Indichi i corsi (per un massimo di tre) [ente organizzatore del corso (indicare denominazione università/ente/centro di formazione etc.)].1,0.0,0,5
321654,3.2 Indichi i corsi (per un massimo di tre) [titolo del corso	],0.0,0,5
321654,"3.2 Indichi i corsi (per un massimo di tre) [tipologia (master, specializzazione, perfezionamento etc.)].1",0.0,0,5
321654,3.2 Indichi i corsi (per un massimo di tre) [durata (indicare in ore)	],0.0,0,5
321654,3.2 Indichi i corsi (per un massimo di tre) [anno di conseguimento 	],0.0,0,5
321654,3.2 Indichi i corsi (per un massimo di tre) [ente organizzatore del corso (indicare denominazione università/ente/centro di formazione etc.)].2,0.0,0,5
321654,3.2 Indichi i corsi (per un massimo di tre) [titolo del corso	].1,0.0,0,5
321654,"3.2 Indichi i corsi (per un massimo di tre) [tipologia (master, specializzazione, perfezionamento etc.)].2",0.0,0,5
321654,3.2 Indichi i corsi (per un massimo di tre) [durata (indicare in ore)	].1,0.0,0,5
321654,3.2 Indichi i corsi (per un massimo di tre) [anno di conseguimento 	].1,0.0,0,5
321654,3.3 Il/I corso/i le ha consentito di approfondire conoscenze e/o sviluppare competenze dal punto di vista [teorico],40.0,2,5
321654,3.3 Il/I corso/i le ha consentito di approfondire conoscenze e/o sviluppare competenze dal punto di vista [metodologico],40.0,2,5
321654,3.3 Il/I corso/i le ha consentito di approfondire conoscenze e/o sviluppare competenze dal punto di vista [operativo],40.0,2,5
321654,3.4 Per prepararsi a svolgere la sua funzione di docente referente per l'accoglienza e l'orientamento ha avuto la possibilità di approfondire [i materiali messi a disposizione sulla piattaforma UNICA del MIM],80.0,4,5
321654,3.4 Per prepararsi a svolgere la sua funzione di docente referente per l'accoglienza e l'orientamento ha avuto la possibilità di approfondire [attività di orientamento finalizzate a studi e carriere professionali nelle discipline STEM],80.0,4,5
321654,3.4 Per prepararsi a svolgere la sua funzione di docente referente per l'accoglienza e l'orientamento ha avuto la possibilità di approfondire [questioni legate allo sviluppo del sistema di formazione terziaria degli ITS Academy],80.0,4,5
321654,3.4 Per prepararsi a svolgere la sua funzione di docente referente per l'accoglienza e l'orientamento ha avuto la possibilità di approfondire [questioni legate al disagio e all’abbandono scolastico ],80.0,4,5
321654,"3.4 Per prepararsi a svolgere la sua funzione di docente referente per l'accoglienza e l'orientamento ha avuto la possibilità di approfondire [questioni legate alla disabilità (DSA, BES etc.)]",80.0,4,5
321654,3.4 Per prepararsi a svolgere la sua funzione di docente referente per l'accoglienza e l'orientamento ha avuto la possibilità di approfondire [questioni legate alla digitalizzazione ],80.0,4,5
321654,3.4 Per prepararsi a svolgere la sua funzione di docente referente per l'accoglienza e l'orientamento ha avuto la possibilità di approfondire [questioni legate all’utilizzo di metodologie didattiche innovative],80.0,4,5
321654,3.5 Ritiene che le linee guida sull’orientamento (decreto ministerale n. 328/22) esprimano con chiarezza [l’impianto metodologico da seguire per lo sviluppo di azioni di orientamento efficaci],80.0,4,5
321654,3.5 Ritiene che le linee guida sull’orientamento (decreto ministerale n. 328/22) esprimano con chiarezza [il percorso di formazione richiesto ai docenti tutor per l’orientamento],80.0,4,5
321654,3.5 Ritiene che le linee guida sull’orientamento (decreto ministerale n. 328/22) esprimano con chiarezza [il modo in cui articolare progetti di didattica orientativa/moduli curricolari per l’orientamento],80.0,4,5
321654,3.5 Ritiene che le linee guida sull’orientamento (decreto ministerale n. 328/22) esprimano con chiarezza [il modo in cui certificare le competenze chiave utili all’orientamento nella prospettiva dell’apprendimento permanente ],80.0,4,5
321654,3.5 Ritiene che le linee guida sull’orientamento (decreto ministerale n. 328/22) esprimano con chiarezza [la funzione dell’ePortfolio come strumento di accompagnamento dal I grado fino al termine del II grado],80.0,4,5
321654,3.5 Ritiene che le linee guida sull’orientamento (decreto ministerale n. 328/22) esprimano con chiarezza [la modalità in cui effettuare il monitoraggio relativo all’attuazione delle linee guida ],80.0,4,5
321654,3.6 Il CPIA in cui presta servizio fa riferimento a specifici modelli di orientamento?,80.0,4,5
321654,3.7 A quali (indicare autori e modelli)?,0.0,0,5
321654,"3.8 Le pratiche di orientamento nella sua scuola fanno riferimento ad attività di tipo [informativo, ovvero centrato sulle offerte formative post-diploma (indirizzi universitari, scuole di formazione professionale, richieste dal mondo del lavoro, indicazioni sui profili professionali emergenti)]",20.0,1,5
321654,"3.8 Le pratiche di orientamento nella sua scuola fanno riferimento ad attività di tipo [psicodiagnostico, ovvero centrato sulla diagnosi di caratteristiche e tratti peculiari della personalità che possano orientare le scelte universitarie o lavorative]",20.0,1,5
321654,"3.8 Le pratiche di orientamento nella sua scuola fanno riferimento ad attività di tipo [formativo, ovvero centrato sulla progettazione di un intervento didattico curriculare che tenga conto degli apprendimenti formali, non formali e informali dello studente e lo accompagni nella costruzione del percorso di vita ]",20.0,1,5
321654,3.9 Quanto spesso il CPIA dove presta servizio organizza le seguenti attività di orientamento? [Interventi di docenti della formazione professionale ],60.0,3,5
321654,3.9 Quanto spesso il CPIA dove presta servizio organizza le seguenti attività di orientamento? [Interventi di esperti del mondo del lavoro],60.0,3,5
321654,3.9 Quanto spesso il CPIA dove presta servizio organizza le seguenti attività di orientamento? [Interventi di esperti di ambito psicodiagnostico ],60.0,3,5
321654,"3.9 Quanto spesso il CPIA dove presta servizio organizza le seguenti attività di orientamento? [Affiancamento, da parte del tutor, per un orientamento personalizzato]",60.0,3,5
321654,3.9 Quanto spesso il CPIA dove presta servizio organizza le seguenti attività di orientamento? [Incontri finalizzati all’utilizzo di strumenti per la costruzione della storia dello studente (ePortfolio; bilancio di competenze etc.)],60.0,3,5
321654,3.9 Quanto spesso il CPIA dove presta servizio organizza le seguenti attività di orientamento? [Attività di “Accoglienza e Orientamento”],60.0,3,5
321654,"3.10 Per migliorare le competenze di orientamento degli studenti, quali attività ritiene maggiormente efficaci per il CPIA in cui presta servizio? [Interventi di docenti della formazione professionale ]",60.0,3,5
321654,"3.10 Per migliorare le competenze di orientamento degli studenti, quali attività ritiene maggiormente efficaci per il CPIA in cui presta servizio? [Interventi di esperti del mondo del lavoro ]",60.0,3,5
321654,"3.10 Per migliorare le competenze di orientamento degli studenti, quali attività ritiene maggiormente efficaci per il CPIA in cui presta servizio? [Interventi di esperti di ambito counseling psicopedagogico]",60.0,3,5
321654,"3.10 Per migliorare le competenze di orientamento degli studenti, quali attività ritiene maggiormente efficaci per il CPIA in cui presta servizio? [Affiancamento, da parte del tutor, per un orientamento personalizzato]",60.0,3,5
321654,"3.10 Per migliorare le competenze di orientamento degli studenti, quali attività ritiene maggiormente efficaci per il CPIA in cui presta servizio? [Progettazione di interventi di didattica disciplinare con fini orientativi]",60.0,3,5
321654,"3.10 Per migliorare le competenze di orientamento degli studenti, quali attività ritiene maggiormente efficaci per il CPIA in cui presta servizio? [Progettazione di interventi di didattica interdisciplinare con fini orientativi]",60.0,3,5
321654,"3.10 Per migliorare le competenze di orientamento degli studenti, quali attività ritiene maggiormente efficaci per il CPIA in cui presta servizio? [Incontri finalizzati all’utilizzo di strumenti per la costruzione della storia dello studente (ePortfolio; bilancio di competenze etc.)]",60.0,3,5
321654,3.11 Nel CPIA in cui presta servizio attualmente le attività di orientamento sono gestite [esclusivamente dal docente che si occupa dell'accoglienza],60.0,3,5
321654,3.11 Nel CPIA in cui presta servizio attualmente le attività di orientamento sono gestite [dal docente che si occupa dell'accoglienza affiancato da altri docenti],60.0,3,5
321654,3.11 Nel CPIA in cui presta servizio attualmente le attività di orientamento sono gestite [dai docenti con il coordinamento dal docente che si occupa dell'accoglienza],60.0,3,5
321654,3.11 Nel CPIA in cui presta servizio attualmente le attività di orientamento sono gestite [dal docente che si occupa dell'accoglienza supportato dal personale ATA],60.0,3,5
321654,3.12 Nel CPIA in cui presta servizio sono attivi i percorsi PCTO?,60.0,3,5
321654,3.13 Ritiene che i percorsi di PCTO attivati nel CPIA in cui presta servizio debbano  [essere proposti in base alla specificità del percorso di studi seguito presso il CPIA],20.0,1,5
321654,"3.13 Ritiene che i percorsi di PCTO attivati nel CPIA in cui presta servizio debbano  [aprire nuove prospettive per gli studenti, anche se non in linea con il percorso di studi seguito presso il CPIA]",20.0,1,5
321654,3.13 Ritiene che i percorsi di PCTO attivati nel CPIA in cui presta servizio debbano  [divenire parte integrante del curricolo: i docenti dovrebbero tenere conto del percorso PCTO nella riprogettazione delle attività curricolari],20.0,1,5
321654,"3.13 Ritiene che i percorsi di PCTO attivati nel CPIA in cui presta servizio debbano  [promuovere una interazione partecipativa in aula, con lo scopo di valorizzare l’esperienza svolta e rendere gli studenti protagonisti del processo orientativo]",20.0,1,5
321654,3.13 Ritiene che i percorsi di PCTO attivati nel CPIA in cui presta servizio debbano  [rimanere legati alle esperienze extrascolastiche: non è possibile ricondurre ogni attività al curricolo],20.0,1,5
321654,"3.14 Il percorso di 30 ore, che fa parte dei moduli di orientamento previsti dalle linee guida, è stato attivato nel CPIA dove presta servizio?",60.0,3,5
321654,3.15 il percorso è progettato per essere svolto [nell’orario scolastico],20.0,1,5
321654,3.15 il percorso è progettato per essere svolto [al di fuori dell’orario scolastico],20.0,1,5
321654,3.15 il percorso è progettato per essere svolto [in modo interdisciplinare tra i docenti di ciascun consiglio di livello/consiglio di classe],20.0,1,5
321654,"3.15 il percorso è progettato per essere svolto [a livello di istituto in modo differenziato per percorsi di istruzione (I e II livello, percorsi di alfabetizzazione della lingua italiana)]",20.0,1,5
321654,3.15 il percorso è progettato per essere svolto [in attività laboratoriali trasversali alle classi e ai percorsi],20.0,1,5
321654,3.15 il percorso è progettato per essere svolto [in accordo con gli studenti ],20.0,1,5
321654,"3.15 il percorso è progettato per essere svolto [avvalendosi del contributo di agenti esterni al CPIA (aziende, istituzioni territoriali, università)]",20.0,1,5
321654,3.16 Nel CPIA è disponibile uno sportello per gli utenti dell'orientamento?,60.0,3,5
321654,"4.1 Nella scuola secondaria di I grado è previsto il rilascio del “consiglio di orientamento” finale sul percorso di formazione da intraprendere nel secondo ciclo. Nel CPIA in cui presta servizio, il “consiglio di orientamento” viene fornito al termine del percorso di I livello?",60.0,3,5
321654,4.2 In che modo viene formulato? [Attraverso test psicodiagnostici somministrati da un esperto],20.0,1,5
321654,"4.2 In che modo viene formulato? [Sulla base dell’analisi documentata del percorso di studio, effettuata dal consiglio di classe/di livello]",20.0,1,5
321654,"4.2 In che modo viene formulato? [Sulla base dell’analisi documentata del percorso di studio, effettuata dal docente referente per l'orientamento]",20.0,1,5
321654,"4.2 In che modo viene formulato? [Sulla base dell’analisi delle attività scolastiche ed extrascolastiche documentate, effettuata dal consiglio di classe/di livello]",20.0,1,5
321654,"4.2 In che modo viene formulato? [Sulla base dell’analisi delle attività scolastiche ed extrascolastiche documentate, effettuata dal docente referente per l'orientamento]",20.0,1,5
321654,4.2 In che modo viene formulato? [Sulla base dell’analisi delle competenze certificate secondo i modelli previsti dal MIM],20.0,1,5
321654,4.2 In che modo viene formulato? [Attraverso la lettura e l’analisi dell’e-portfolio],20.0,1,5
321654,4.3 Gli strumenti per l’orientamento attualmente utilizzati nel CPIA in cui presta servizio sono prevalentemente [test per la diagnosi delle attitudini dello studente ],60.0,3,5
321654,4.3 Gli strumenti per l’orientamento attualmente utilizzati nel CPIA in cui presta servizio sono prevalentemente [test per la rilevazione di abilità e competenze dello studente],60.0,3,5
321654,4.3 Gli strumenti per l’orientamento attualmente utilizzati nel CPIA in cui presta servizio sono prevalentemente [questionari per l’autovalutazione delle proprie strategie di apprendimento],60.0,3,5
321654,4.3 Gli strumenti per l’orientamento attualmente utilizzati nel CPIA in cui presta servizio sono prevalentemente [questionari per l’autovalutazione di interessi e inclinazioni ],60.0,3,5
321654,"4.3 Gli strumenti per l’orientamento attualmente utilizzati nel CPIA in cui presta servizio sono prevalentemente [dispositivi per la riflessione sul percorso di formazione (colloquio, ePortfolio, bilancio delle competenze etc.)]",60.0,3,5
321654,"4.3 Gli strumenti per l’orientamento attualmente utilizzati nel CPIA in cui presta servizio sono prevalentemente [dispositivi per l’autonarrazione del percorso di formazione (colloquio, ePortfolio, bilancio delle competenze etc.)]",60.0,3,5
321654,"4.4 Per migliorare le capacità di orientamento degli studenti, quali strumenti ritiene che dovrebbero essere utilizzati nel CPIA in cui presta servizio? [Test per la diagnosi delle attitudini dello studente ]",60.0,3,5
321654,"4.4 Per migliorare le capacità di orientamento degli studenti, quali strumenti ritiene che dovrebbero essere utilizzati nel CPIA in cui presta servizio? [Test per la rilevazione di abilità e competenze dello studente]",60.0,3,5
321654,"4.4 Per migliorare le capacità di orientamento degli studenti, quali strumenti ritiene che dovrebbero essere utilizzati nel CPIA in cui presta servizio? [Questionari per l’autovalutazione delle proprie strategie di apprendimento ]",60.0,3,5
321654,"4.4 Per migliorare le capacità di orientamento degli studenti, quali strumenti ritiene che dovrebbero essere utilizzati nel CPIA in cui presta servizio? [Questionari per l’autovalutazione di interessi e inclinazioni ]",60.0,3,5
321654,"4.4 Per migliorare le capacità di orientamento degli studenti, quali strumenti ritiene che dovrebbero essere utilizzati nel CPIA in cui presta servizio? [Dispositivi per la riflessione sul percorso di formazione (colloquio, ePortfolio, bilancio delle competenze etc.)]",60.0,3,5
321654,"4.4 Per migliorare le capacità di orientamento degli studenti, quali strumenti ritiene che dovrebbero essere utilizzati nel CPIA in cui presta servizio? [Dispositivi per l’autonarrazione del percorso di formazione (colloquio, ePortfolio, bilancio delle competenze etc.)]",60.0,3,5
321654,"4.5 Nel CPIA in cui presta servizio, attualmente si forniscono agli studenti istruzioni per [accedere a informazioni relative a offerte di lavoro, stage, tirocini attraverso canali tradizionali (uffici preposti; incontri in presenza nelle scuole o nelle università; meeting con aziende etc.)]",60.0,3,5
321654,"4.5 Nel CPIA in cui presta servizio, attualmente si forniscono agli studenti istruzioni per [navigare in banche dati per accedere a informazioni relative a offerte di lavoro, stage, tirocini (siti specifici del MIM; siti delle scuole; siti delle università; siti dedicati al matching; siti delle aziende etc.)]",60.0,3,5
321654,"4.5 Nel CPIA in cui presta servizio, attualmente si forniscono agli studenti istruzioni per [elaborare un CV utilizzando i formati europei in lingua italiana]",60.0,3,5
321654,"4.5 Nel CPIA in cui presta servizio, attualmente si forniscono agli studenti istruzioni per [elaborare un CV utilizzando i formati europei in lingua inglese]",60.0,3,5
321654,"4.5 Nel CPIA in cui presta servizio, attualmente si forniscono agli studenti istruzioni per [elaborare una lettera di presentazione in lingua italiana]",60.0,3,5
321654,"4.5 Nel CPIA in cui presta servizio, attualmente si forniscono agli studenti istruzioni per [elaborare una lettera di presentazione in lingua inglese]",60.0,3,5
321654,"4.5 Nel CPIA in cui presta servizio, attualmente si forniscono agli studenti istruzioni per [elaborare un CV amplificato utilizzando l’ePortfolio ]",60.0,3,5
321654,"4.6 Per migliorare le capacità di orientamento, ritiene che il CPIA in cui presta servizio dovrebbe fornire agli studenti strumenti per [accedere a informazioni relative a offerte di lavoro, stage, tirocini attraverso canali tradizionali (uffici preposti; incontri in presenza nelle scuole o nelle università; meeting con aziende etc)]",60.0,3,5
321654,"4.6 Per migliorare le capacità di orientamento, ritiene che il CPIA in cui presta servizio dovrebbe fornire agli studenti strumenti per [navigare in banche dati per accedere a informazioni relative a offerte di lavoro, stage, tirocini (siti specifici del MIM; siti delle scuole; siti delle università; siti dedicati al matching; siti delle aziende etc.)]",60.0,3,5
321654,"4.6 Per migliorare le capacità di orientamento, ritiene che il CPIA in cui presta servizio dovrebbe fornire agli studenti strumenti per [elaborare un CV utilizzando i formati europei in lingua italiana]",60.0,3,5
321654,"4.6 Per migliorare le capacità di orientamento, ritiene che il CPIA in cui presta servizio dovrebbe fornire agli studenti strumenti per [elaborare un CV utilizzando i formati europei in lingua inglese]",60.0,3,5
321654,"4.6 Per migliorare le capacità di orientamento, ritiene che il CPIA in cui presta servizio dovrebbe fornire agli studenti strumenti per [elaborare una lettera di presentazione in lingua italiana]",60.0,3,5
321654,"4.6 Per migliorare le capacità di orientamento, ritiene che il CPIA in cui presta servizio dovrebbe fornire agli studenti strumenti per [elaborare una lettera di presentazione in lingua inglese]",60.0,3,5
321654,"4.6 Per migliorare le capacità di orientamento, ritiene che il CPIA in cui presta servizio dovrebbe fornire agli studenti strumenti per [elaborare un CV amplificato utilizzando l’ePortfolio ]",60.0,3,5
321654,"4.7 Indicare i profili professionali del CPIA impegnati nelle attività di orientamento, specificando per ciascun profilo il numero delle figure presenti (se un profilo non è rappresentato, indicare 'zero'). Nel campo 'Altro (specificare)', elencare i profili distinti separandoli con il punto e virgola, indicando per ciascuno il relativo numero.  [Docente referente per l'accoglienza e orientamento]",60.0,3,5
321654,"4.7 Indicare i profili professionali del CPIA impegnati nelle attività di orientamento, specificando per ciascun profilo il numero delle figure presenti (se un profilo non è rappresentato, indicare 'zero'). Nel campo 'Altro (specificare)', elencare i profili distinti separandoli con il punto e virgola, indicando per ciascuno il relativo numero.  [Dirigente scolastico]",60.0,3,5
321654,"4.7 Indicare i profili professionali del CPIA impegnati nelle attività di orientamento, specificando per ciascun profilo il numero delle figure presenti (se un profilo non è rappresentato, indicare 'zero'). Nel campo 'Altro (specificare)', elencare i profili distinti separandoli con il punto e virgola, indicando per ciascuno il relativo numero.  [Docente (non referente per l'orientamento)]",60.0,3,5
321654,"4.7 Indicare i profili professionali del CPIA impegnati nelle attività di orientamento, specificando per ciascun profilo il numero delle figure presenti (se un profilo non è rappresentato, indicare 'zero'). Nel campo 'Altro (specificare)', elencare i profili distinti separandoli con il punto e virgola, indicando per ciascuno il relativo numero.  [Personale TAB]",60.0,3,5
321654,"4.7 Indicare i profili professionali del CPIA impegnati nelle attività di orientamento, specificando per ciascun profilo il numero delle figure presenti (se un profilo non è rappresentato, indicare 'zero'). Nel campo 'Altro (specificare)', elencare i profili distinti separandoli con il punto e virgola, indicando per ciascuno il relativo numero.  [Altro (specificare)]",60.0,3,5
321654,5.1 Le pratiche di orientamento sviluppate dal CPIA in cui presta servizio prevedono  [incontri con le aziende locali e del territorio],60.0,3,5
321654,5.1 Le pratiche di orientamento sviluppate dal CPIA in cui presta servizio prevedono  [attivazione di PCTO presso le aziende locali e del territorio],60.0,3,5
321654,5.1 Le pratiche di orientamento sviluppate dal CPIA in cui presta servizio prevedono  [attivazione di tirocini e/o stage presso le aziende locali e del territorio],60.0,3,5
321654,5.1 Le pratiche di orientamento sviluppate dal CPIA in cui presta servizio prevedono  [organizzazione di visite didattiche presso le aziende locali e del territorio],60.0,3,5
321654,5.1 Le pratiche di orientamento sviluppate dal CPIA in cui presta servizio prevedono  [partecipazione a progetti in collaborazione con le aziende locali e del territorio],60.0,3,5
321654,5.1 Le pratiche di orientamento sviluppate dal CPIA in cui presta servizio prevedono  [incontri con rappresentanti delle istituzioni locali],60.0,3,5
321654,5.1 Le pratiche di orientamento sviluppate dal CPIA in cui presta servizio prevedono  [incontri con gli operatori dei centri per l’orientamento e/o per l’impiego],60.0,3,5
321654,5.1 Le pratiche di orientamento sviluppate dal CPIA in cui presta servizio prevedono  [attivazione di tirocini e/o stage presso le istituzioni locali],60.0,3,5
321654,5.1 Le pratiche di orientamento sviluppate dal CPIA in cui presta servizio prevedono  [organizzazione di visite didattiche presso le istituzioni locali],60.0,3,5
321654,5.1 Le pratiche di orientamento sviluppate dal CPIA in cui presta servizio prevedono  [partecipazione a progetti in collaborazione con le istituzioni locali],60.0,3,5
321654,"5.2 Per la creazione di una rete territoriale per l’orientamento, il CPIA in cui presta servizio prevede  [lo sviluppo di piattaforme digitali che coinvolgano scuole, aziende e istituzioni del territorio]",40.0,2,5
321654,"5.2 Per la creazione di una rete territoriale per l’orientamento, il CPIA in cui presta servizio prevede  [incontri in presenza con scuole, aziende e istituzioni del territorio]",40.0,2,5
321654,"5.2 Per la creazione di una rete territoriale per l’orientamento, il CPIA in cui presta servizio prevede  [incontri online con scuole, aziende e istituzioni del territorio]",40.0,2,5
321654,"5.2 Per la creazione di una rete territoriale per l’orientamento, il CPIA in cui presta servizio prevede  [scambio di esperienze tra le scuole del territorio di ogni ordine e grado]",40.0,2,5
321654,"5.2 Per la creazione di una rete territoriale per l’orientamento, il CPIA in cui presta servizio prevede  [elaborazione e realizzazione di progetti tra le scuole del territorio di ogni ordine e grado]",40.0,2,5
321654,6.1 Nel CPIA in cui presta servizio è presente un sistema di monitoraggio delle azioni di orientamento? ,40.0,2,5
321654,6.2 Chi se ne occupa?  [il dirigente scolastico],20.0,1,5
321654,6.2 Chi se ne occupa?  [il docente che si occupa dell’accoglienza e dell’orientamento],20.0,1,5
321654,6.2 Chi se ne occupa?  [il docente che si occupa dell’accoglienza e dell’orientamento affiancato dai docenti dei consigli di livello],20.0,1,5
321654,6.2 Chi se ne occupa?  [esperto esterno],20.0,1,5
321654,6.2 Chi se ne occupa?  [Altro],0.0,0,5
321654,6.3 Quali attività di orientamento sono oggetto di monitoraggio? [Gli interventi formativi/informativi effettuati in ambito scolastico (rilevazione sistematica del gradimento degli interventi in aula o in istituto da parte di esperti esterni o dei docenti tutor etc.)],40.0,2,5
321654,6.3 Quali attività di orientamento sono oggetto di monitoraggio? [Gli interventi formativi/informativi effettuati in ambito extrascolastico (rilevazione sistematica del gradimento della partecipazione ad eventi organizzati dalle università o da istituzioni per la formazione di terzo livello etc.)],40.0,2,5
321654,"6.3 Quali attività di orientamento sono oggetto di monitoraggio? [La partecipazione degli studenti agli interventi effettuati nel CPIA (rilevazione sistematica del numero di CV compilati, numero di siti online visitati, partecipazione attiva ai dibattiti etc.)]",40.0,2,5
321654,"6.3 Quali attività di orientamento sono oggetto di monitoraggio? [La partecipazione degli studenti agli interventi effettuati all’esterno del CPIA (rilevazione sistematica del numero di stand visitati nelle fiere, numero di partecipanti agli Open Day, numero partecipanti ai PCTO, restituzione attiva in classe delle esperienze effettuate etc.)]",40.0,2,5
321654,6.3 Quali attività di orientamento sono oggetto di monitoraggio? [La redazione del consiglio di orientamento (rilevazione del grado di accordo delle figure parentali/educative/tutoriali etc.)],40.0,2,5
321654,6.3 Quali attività di orientamento sono oggetto di monitoraggio? [La redazione del curriculum dello studente (rilevazione del grado di accordo delle figure parentali/educative/tutoriali etc.)],40.0,2,5
321654,6.3 Quali attività di orientamento sono oggetto di monitoraggio? [La compilazione dell’ePortfolio disponibile sulla piattaforma UNICA del MIM],40.0,2,5
321654,6.3 Quali attività di orientamento sono oggetto di monitoraggio? [La compilazione del Dossier personale dell’IDA],40.0,2,5
321654,6.3 Quali attività di orientamento sono oggetto di monitoraggio? [La definizione del Patto formativo individuale],40.0,2,5
321654,6.3 Quali attività di orientamento sono oggetto di monitoraggio? [Il percorso di riconoscimento dei crediti ],40.0,2,5
321654,6.3 Quali attività di orientamento sono oggetto di monitoraggio? [Il periodo didattico dedicato alle attività di “Accoglienza e Orientamento”],40.0,2,5
321654,"6.3 Quali attività di orientamento sono oggetto di monitoraggio? [La partecipazione delle istituzioni locali alle attività di orientamento presso il CPIA (numero e qualità degli interventi di ASL, biblioteche, centri per l’orientamento, centri per l’impiego etc.)]",40.0,2,5
321654,6.3 Quali attività di orientamento sono oggetto di monitoraggio? [La partecipazione delle aziende locali alle attività di orientamento presso il CPIA (numero e qualità degli interventi delle aziende etc.)],40.0,2,5
321654,6.3 Quali attività di orientamento sono oggetto di monitoraggio? [La partecipazione delle figure parentali/educative/tutoriali alle attività di orientamento presso il CPIA (numero e qualità degli interventi etc.)],40.0,2,5
321654,6.3 Quali attività di orientamento sono oggetto di monitoraggio? [La verifica della coerenza tra le attività svolte e gli obiettivi del PTOF],40.0,2,5
321654,"6.3 Quali attività di orientamento sono oggetto di monitoraggio? [L’utilizzo del RAV per l’individuazione dei fattori da rilevare, dei punti di forza e criticità, delle azioni di miglioramento]",40.0,2,5
321654,6.4 Quali strumenti sono utilizzati per il monitoraggio delle azioni di orientamento? [Griglie di osservazione ],40.0,2,5
321654,6.4 Quali strumenti sono utilizzati per il monitoraggio delle azioni di orientamento? [Check-list ],40.0,2,5
321654,6.4 Quali strumenti sono utilizzati per il monitoraggio delle azioni di orientamento? [Diari di bordo ],40.0,2,5
321654,6.4 Quali strumenti sono utilizzati per il monitoraggio delle azioni di orientamento? [Questionari agli studenti ],40.0,2,5
321654,6.4 Quali strumenti sono utilizzati per il monitoraggio delle azioni di orientamento? [Questionari ai docenti ],40.0,2,5
321654,6.4 Quali strumenti sono utilizzati per il monitoraggio delle azioni di orientamento? [Questionari alle figure parentali/educative/tutoriali],40.0,2,5
321654,6.4 Quali strumenti sono utilizzati per il monitoraggio delle azioni di orientamento? [Questionari alle istituzioni locali],40.0,2,5
321654,6.4 Quali strumenti sono utilizzati per il monitoraggio delle azioni di orientamento? [Questionari alle aziende locali],40.0,2,5
321654,6.4 Quali strumenti sono utilizzati per il monitoraggio delle azioni di orientamento? [Questionari alle aziende in cui lo studente svolge il tirocinio],40.0,2,5
321654,6.4 Quali strumenti sono utilizzati per il monitoraggio delle azioni di orientamento? [Dossier personale dello studente ],40.0,2,5
321654,"6.4 Quali strumenti sono utilizzati per il monitoraggio delle azioni di orientamento? [Contenuti elaborati nella definizione del Patto Formativo individuale, Dossier, Libretto dello studente]",40.0,2,5
321654,7.1 Sarebbe per noi molto importante se volesse fornire ulteriori indicazioni per rendere il servizio all’interno dell’istituto scolastico in cui opera più efficace in relazione ai bisogni di orientamento.,0.0,0,5
321654,Tempo totale,100.0,5,5
321654,Tempo per il gruppo di domande: SEZIONE 1: Dati ascrittivi,0.0,0,5
321654,Tempo per la domanda: CA1o1,80.0,4,5
321654,Tempo per la domanda: CA1o2,80.0,4,5
321654,Tempo per la domanda: CA1o3,80.0,4,5
321654,Tempo per la domanda: CA1o4,80.0,4,5
321654,Tempo per la domanda: CA1o5,80.0,4,5
321654,Tempo per la domanda: CA1o6,80.0,4,5
321654,Tempo per la domanda: CA1o7,80.0,4,5
321654,Tempo per la domanda: Ca1o7b,20.0,1,5
321654,Tempo per la domanda: CA1o8,80.0,4,5
321654,Tempo per la domanda: CA1o9,80.0,4,5
321654,Tempo per il gruppo di domande: SEZIONE 2: PTOF,0.0,0,5
321654,Tempo per la domanda: CP2o1,80.0,4,5
321654,Tempo per la domanda: CP2o2,80.0,4,5
321654,Tempo per la domanda: CP2o3,80.0,4,5
321654,Tempo per la domanda: CP2o4,80.0,4,5
321654,Tempo per la domanda: CP2o5,80.0,4,5
321654,Tempo per la domanda: CP2o6,80.0,4,5
321654,Tempo per la domanda: CP2o7,80.0,4,5
321654,Tempo per la domanda: CP2o8,80.0,4,5
321654,Tempo per il gruppo di domande: SEZIONE 3: Descrizione delle attività di orientamento ,0.0,0,5
321654,Tempo per la domanda: CD3o1,80.0,4,5
321654,Tempo per la domanda: CD3o2,40.0,2,5
321654,Tempo per la domanda: CD3o3,40.0,2,5
321654,Tempo per la domanda: CD3o4,80.0,4,5
321654,Tempo per la domanda: CD3o5,80.0,4,5
321654,Tempo per la domanda: CD3o6,80.0,4,5
321654,Tempo per la domanda: CD3o7,20.0,1,5
321654,Tempo per la domanda: CD3o8,20.0,1,5
321654,Tempo per la domanda: CD3o9,60.0,3,5
321654,Tempo per la domanda: CD3o10,60.0,3,5
321654,Tempo per la domanda: CD3o11,60.0,3,5
321654,Tempo per la domanda: CD3o12,60.0,3,5
321654,Tempo per la domanda: CD3o13,20.0,1,5
321654,Tempo per la domanda: CD3o14,60.0,3,5
321654,Tempo per la domanda: CD3o15,20.0,1,5
321654,Tempo per la domanda: CD3o16,60.0,3,5
321654,Tempo per il gruppo di domande: SEZIONE 4: Strumenti utilizzati per l’orientamento,0.0,0,5
321654,Tempo per la domanda: CS4o1,60.0,3,5
321654,Tempo per la domanda: CS4o2,20.0,1,5
321654,Tempo per la domanda: CS4o3,60.0,3,5
321654,Tempo per la domanda: CS4o4,60.0,3,5
321654,Tempo per la domanda: CS4o5,60.0,3,5
321654,Tempo per la domanda: CS4o6,60.0,3,5
321654,Tempo per la domanda: CS4o7,60.0,3,5
321654,Tempo per il gruppo di domande: SEZIONE 5: Rapporti con il territorio,0.0,0,5
321654,Tempo per la domanda: CRT5o1,60.0,3,5
321654,Tempo per la domanda: CRT5o2,40.0,2,5
321654,Tempo per il gruppo di domande: SEZIONE 6: Monitoraggio delle attività,0.0,0,5
321654,Tempo per la domanda: CM6o1,40.0,2,5
321654,Tempo per la domanda: CM6o2,20.0,1,5
321654,Tempo per la domanda: CM6o3,40.0,2,5
321654,Tempo per la domanda: CM6o4,40.0,2,5
321654,Tempo per il gruppo di domande: SEZIONE 7: Feedback,0.0,0,5
321654,Tempo per la domanda: CF7o1,40.0,2,5
